-- Adminer 3.4.0 MySQL dump

SET NAMES utf8;
SET foreign_key_checks = 0;
SET time_zone = 'SYSTEM';
SET sql_mode = 'NO_AUTO_VALUE_ON_ZERO';

CREATE TABLE `admin` (
  `ad_id` int(11) NOT NULL AUTO_INCREMENT,
  `ad_email` varchar(100) NOT NULL,
  `ad_password` varchar(100) NOT NULL,
  `ad_name` varchar(100) NOT NULL,
  `ad_phone` varchar(50) DEFAULT NULL,
  `ad_address` varchar(200) DEFAULT NULL,
  `ad_photo` varchar(100) DEFAULT NULL,
  `ad_time_reg` datetime NOT NULL,
  `ad_last_login` datetime DEFAULT NULL,
  `ad_type` enum('AGENT','RESELLER','TEACHER','ADMIN','SUPER') NOT NULL,
  `ad_reseller_code` varchar(100) DEFAULT NULL,
  `ad_credits_balance` int(11) DEFAULT '0',
  `ad_reg_status` enum('PENDING','VERIFIED') NOT NULL,
  `ad_creator_id` int(11) DEFAULT NULL,
  `ad_is_disabled` int(1) DEFAULT NULL,
  `ad_signup_code` varchar(100) DEFAULT NULL,
  `ad_email_confirmed` int(1) DEFAULT NULL,
  PRIMARY KEY (`ad_id`)
) ENGINE=InnoDB DEFAULT CHARSET=latin1;

INSERT INTO `admin` (`ad_id`, `ad_email`, `ad_password`, `ad_name`, `ad_phone`, `ad_address`, `ad_photo`, `ad_time_reg`, `ad_last_login`, `ad_type`, `ad_reseller_code`, `ad_credits_balance`, `ad_reg_status`, `ad_creator_id`, `ad_is_disabled`, `ad_signup_code`, `ad_email_confirmed`) VALUES
(2,	'modupe@tulabyte.net',	'test123',	'Modupe Sanni',	'080565698799',	'Credibly repurpose tactical resources.',	NULL,	'2017-02-02 01:43:30',	'2017-04-18 13:49:45',	'AGENT',	NULL,	0,	'VERIFIED',	NULL,	NULL,	'248982146473',	1),
(4,	'john@tulabyte.net',	'test123',	'John Blaze',	'0979562145633',	'Interactively seize innovative systems.',	NULL,	'2017-02-02 01:48:02',	NULL,	'RESELLER',	'ref_123_john_456',	0,	'VERIFIED',	NULL,	NULL,	'806680626154',	NULL),
(5,	'yemi@tulabyte.net',	'test123',	'Yemi Tula',	'08055811697',	'27, Dipo Abe Street\nOjodu',	'Admissions Resources.jpg',	'2017-02-02 17:53:19',	'2017-06-13 12:10:13',	'SUPER',	NULL,	0,	'VERIFIED',	NULL,	NULL,	NULL,	1),
(6,	'yemgab@yahoo.com',	'test123',	'Gabriel Adetula',	NULL,	NULL,	NULL,	'2017-02-02 21:48:01',	'2017-04-18 16:31:28',	'TEACHER',	NULL,	0,	'VERIFIED',	5,	NULL,	NULL,	1),
(7,	'kess@tulabyte.net',	'test123',	'Segun Kess',	NULL,	NULL,	NULL,	'2017-02-02 23:55:57',	'2017-06-01 13:40:43',	'ADMIN',	NULL,	0,	'VERIFIED',	5,	NULL,	NULL,	1),
(11,	'elijah@tulabyte.net',	'test123',	'Elijah Opelio',	'0646416416',	'adfadsa das dsa dsa',	NULL,	'2017-02-03 01:41:53',	'2017-02-03 01:42:47',	'AGENT',	NULL,	0,	'VERIFIED',	5,	NULL,	NULL,	1),
(12,	'comfort@tulabyte.net',	'test123',	'Kcommie Tula',	'08056818441',	'asskjaskdl;ksa  sak;dsadsasa',	NULL,	'2017-02-03 12:12:37',	NULL,	'RESELLER',	'123_ref_kcommie',	0,	'VERIFIED',	5,	NULL,	NULL,	1),
(14,	'johnsmith@gmail.com',	'test123',	'John Smith',	'08123546998',	'Test durve, Ikeja, Lagos',	NULL,	'2017-02-06 11:21:45',	NULL,	'RESELLER',	NULL,	0,	'VERIFIED',	NULL,	NULL,	'726356275837',	NULL),
(15,	'info@tulabyte.net',	'test123',	'Trenova Teacher',	NULL,	NULL,	NULL,	'2017-04-18 14:19:26',	'2017-06-02 13:49:22',	'TEACHER',	NULL,	0,	'VERIFIED',	5,	NULL,	NULL,	1),
(16,	'adeolusayo2@gmail.com',	'test123',	'Adeolu Sayo',	NULL,	NULL,	NULL,	'2017-06-02 14:07:41',	'2017-06-02 14:07:52',	'SUPER',	NULL,	0,	'VERIFIED',	5,	NULL,	NULL,	1);

CREATE TABLE `admin_log` (
  `log_id` int(11) NOT NULL AUTO_INCREMENT,
  `log_time` timestamp NOT NULL DEFAULT CURRENT_TIMESTAMP ON UPDATE CURRENT_TIMESTAMP,
  `log_admin_id` int(11) DEFAULT NULL,
  `log_admin_name` varchar(100) DEFAULT NULL,
  `log_details` varchar(256) NOT NULL,
  PRIMARY KEY (`log_id`),
  KEY `log_admin_id` (`log_admin_id`)
) ENGINE=InnoDB DEFAULT CHARSET=latin1;

INSERT INTO `admin_log` (`log_id`, `log_time`, `log_admin_id`, `log_admin_name`, `log_details`) VALUES
(75,	'2017-02-03 01:36:46',	6,	'Gabriel Adetula',	'Logged In: Successful'),
(76,	'2017-02-03 01:37:05',	6,	'Gabriel Adetula',	'Logged Out'),
(77,	'2017-02-03 01:37:11',	5,	'Yemi Tula',	'Logged In: Successful'),
(78,	'2017-02-03 01:39:02',	5,	'Yemi Tula',	'Accessed Admin List'),
(79,	'2017-02-03 01:39:08',	5,	'Yemi Tula',	'Logged Out'),
(80,	'2017-02-03 01:39:10',	5,	'Yemi Tula',	'Logged In: Successful'),
(81,	'2017-02-03 01:41:08',	5,	'Yemi Tula',	'Logged Out'),
(82,	'2017-02-03 01:41:10',	5,	'Yemi Tula',	'Logged In: Successful'),
(83,	'2017-02-03 01:41:15',	5,	'Yemi Tula',	'Logged In: Successful'),
(84,	'2017-02-03 01:41:41',	5,	'Yemi Tula',	'Logged In: Successful'),
(85,	'2017-02-03 01:41:50',	5,	'Yemi Tula',	'Logged Out'),
(86,	'2017-02-03 01:41:52',	5,	'Yemi Tula',	'Logged In: Successful'),
(87,	'2017-02-03 02:41:54',	5,	'Yemi Tula',	'Created AGENT: Eli Opelio (ID: 11)'),
(88,	'2017-02-03 02:42:39',	6,	'Gabriel Adetula',	'Logged Out'),
(89,	'2017-02-03 02:42:47',	11,	'Eli Opelio',	'Logged In: Successful'),
(90,	'2017-02-03 10:12:15',	5,	'Yemi Tula',	'Accessed Admin Details: Eli Opelio (ID: 11)'),
(91,	'2017-02-03 10:16:12',	5,	'Yemi Tula',	'Accessed Admin List'),
(92,	'2017-02-03 10:16:24',	5,	'Yemi Tula',	'Accessed Admin List'),
(93,	'2017-02-03 10:16:25',	5,	'Yemi Tula',	'Accessed Admin Details: Eli Opelio (ID: 11)'),
(94,	'2017-02-03 10:16:36',	5,	'Yemi Tula',	'Edited AGENT: Elijah Opelio (ID: 11)'),
(95,	'2017-02-03 10:16:42',	5,	'Yemi Tula',	'Accessed Admin Details: Elijah Opelio (ID: 11)'),
(96,	'2017-02-03 10:25:47',	11,	'Eli Opelio',	'Accessed Admin List'),
(97,	'2017-02-03 10:25:52',	11,	'Eli Opelio',	'Accessed Admin Details: Gabriel Adetula (ID: 6)'),
(98,	'2017-02-03 10:28:11',	11,	'Eli Opelio',	'Accessed Admin List'),
(99,	'2017-02-03 10:28:13',	11,	'Eli Opelio',	'Accessed Admin List'),
(100,	'2017-02-03 10:28:23',	5,	'Yemi Tula',	'Accessed Admin List'),
(101,	'2017-02-03 10:28:59',	11,	'Eli Opelio',	'Accessed Admin List'),
(102,	'2017-02-03 10:29:03',	5,	'Yemi Tula',	'Accessed Admin List'),
(103,	'2017-02-03 10:40:14',	5,	'Yemi Tula',	'Accessed Admin List'),
(104,	'2017-02-03 10:40:22',	5,	'Yemi Tula',	'Accessed Admin List'),
(105,	'2017-02-03 10:40:41',	5,	'Yemi Tula',	'Accessed Admin List'),
(106,	'2017-02-03 10:46:07',	5,	'Yemi Tula',	'Accessed Admin List'),
(107,	'2017-02-03 10:48:18',	5,	'Yemi Tula',	'Accessed Admin List'),
(108,	'2017-02-03 10:49:27',	5,	'Yemi Tula',	'Accessed Admin List'),
(109,	'2017-02-03 12:10:11',	5,	'Yemi Tula',	'Accessed Admin List'),
(110,	'2017-02-03 12:21:50',	5,	'Yemi Tula',	'Accessed Admin List'),
(111,	'2017-02-03 12:21:56',	5,	'Yemi Tula',	'Verified : Modupe Sanni (2)'),
(112,	'2017-02-03 12:35:30',	5,	'Yemi Tula',	'Accessed Admin List'),
(113,	'2017-02-03 12:36:01',	5,	'Yemi Tula',	'Accessed Admin List'),
(114,	'2017-02-03 12:36:05',	5,	'Yemi Tula',	'Verified : Modupe Sanni (2)'),
(115,	'2017-02-03 12:37:28',	5,	'Yemi Tula',	'Accessed Admin List'),
(116,	'2017-02-03 12:37:31',	5,	'Yemi Tula',	'Verified : Modupe Sanni (2)'),
(117,	'2017-02-03 12:38:31',	5,	'Yemi Tula',	'Accessed Admin List'),
(118,	'2017-02-03 12:38:42',	5,	'Yemi Tula',	'Verified : Modupe Sanni (2)'),
(119,	'2017-02-03 12:43:07',	5,	'Yemi Tula',	'Accessed Admin List'),
(120,	'2017-02-03 12:43:09',	5,	'Yemi Tula',	'Verified : Modupe Sanni (2)'),
(121,	'2017-02-03 12:43:10',	5,	'Yemi Tula',	'Accessed Admin List'),
(122,	'2017-02-03 12:47:13',	5,	'Yemi Tula',	'Accessed Admin List'),
(123,	'2017-02-03 12:51:33',	5,	'Yemi Tula',	'Accessed Admin List'),
(124,	'2017-02-03 12:51:37',	5,	'Yemi Tula',	'Accessed Admin List'),
(125,	'2017-02-03 12:58:11',	5,	'Yemi Tula',	'Accessed Admin List'),
(126,	'2017-02-03 12:58:32',	5,	'Yemi Tula',	'Accessed Admin List'),
(127,	'2017-02-03 12:58:37',	5,	'Yemi Tula',	'Accessed Admin List'),
(128,	'2017-02-03 13:01:29',	5,	'Yemi Tula',	'Accessed Admin List'),
(129,	'2017-02-03 13:01:30',	5,	'Yemi Tula',	'Accessed Admin List'),
(130,	'2017-02-03 13:01:37',	5,	'Yemi Tula',	'Verified : Modupe Sanni (2)'),
(131,	'2017-02-03 13:03:21',	5,	'Yemi Tula',	'Accessed Admin List'),
(132,	'2017-02-03 13:03:25',	5,	'Yemi Tula',	'Verified : Modupe Sanni (2)'),
(133,	'2017-02-03 13:03:26',	5,	'Yemi Tula',	'Accessed Admin List'),
(134,	'2017-02-03 13:03:26',	5,	'Yemi Tula',	'Accessed Admin List'),
(135,	'2017-02-03 13:06:15',	5,	'Yemi Tula',	'Accessed Admin List'),
(136,	'2017-02-03 13:12:02',	5,	'Yemi Tula',	'Accessed Admin List'),
(137,	'2017-02-03 13:12:06',	5,	'Yemi Tula',	'Accessed Admin List'),
(138,	'2017-02-03 13:12:38',	5,	'Yemi Tula',	'Created RESELLER: Kcommie Tula (ID: 12)'),
(139,	'2017-02-03 13:12:38',	5,	'Yemi Tula',	'Accessed Admin List'),
(140,	'2017-02-03 13:14:21',	5,	'Yemi Tula',	'Accessed Admin List'),
(141,	'2017-02-03 13:14:23',	5,	'Yemi Tula',	'Accessed Admin List'),
(142,	'2017-02-03 13:14:44',	5,	'Yemi Tula',	'Accessed Admin List'),
(143,	'2017-02-03 13:14:49',	5,	'Yemi Tula',	'Accessed Admin Details: John Ajayi (ID: 4)'),
(144,	'2017-02-03 13:14:54',	5,	'Yemi Tula',	'Edited RESELLER: John Blaze (ID: 4)'),
(145,	'2017-02-03 13:14:57',	5,	'Yemi Tula',	'Accessed Admin List'),
(146,	'2017-02-03 13:15:18',	5,	'Yemi Tula',	'Created RESELLER: test (ID: 13)'),
(147,	'2017-02-03 13:15:18',	5,	'Yemi Tula',	'Accessed Admin List'),
(148,	'2017-02-03 13:15:25',	5,	'Yemi Tula',	'Deleted Admin: test (13)'),
(149,	'2017-02-03 13:15:25',	5,	'Yemi Tula',	'Accessed Admin List'),
(150,	'2017-02-03 13:15:28',	5,	'Yemi Tula',	'Accessed Admin List'),
(151,	'2017-02-03 13:15:31',	5,	'Yemi Tula',	'Verified : Kcommie Tula (12)'),
(152,	'2017-02-03 13:15:33',	5,	'Yemi Tula',	'Accessed Admin List'),
(153,	'2017-02-03 13:15:33',	5,	'Yemi Tula',	'Accessed Admin List'),
(154,	'2017-02-03 13:26:50',	5,	'Yemi Tula',	'Accessed Admin List'),
(155,	'2017-02-03 19:01:52',	5,	'Yemi Tula',	'Created New School: Primary School (ID: 1)'),
(156,	'2017-02-03 19:02:13',	5,	'Yemi Tula',	'Created New School: Secondary School (ID: 2)'),
(157,	'2017-02-03 19:02:25',	5,	'Yemi Tula',	'Created New School: Business Academy (ID: 3)'),
(158,	'2017-02-03 19:13:52',	5,	'Yemi Tula',	'Edited School: Business Academy Test (ID: 3)'),
(159,	'2017-02-03 19:14:01',	5,	'Yemi Tula',	'Edited School: Business Academy (ID: 3)'),
(160,	'2017-02-03 19:14:10',	5,	'Yemi Tula',	'Created New School: Test test test (ID: 4)'),
(161,	'2017-02-03 19:14:20',	5,	'Yemi Tula',	'Deleted School: Test test test (4)'),
(162,	'2017-02-04 09:02:52',	5,	'Yemi Tula',	'Created New Class: KG 1 (ID: 1)'),
(163,	'2017-02-04 09:09:34',	5,	'Yemi Tula',	'Edited Class: KG 1 edit (ID: 1)'),
(164,	'2017-02-04 09:09:45',	5,	'Yemi Tula',	'Edited Class: KG 1 (ID: 1)'),
(165,	'2017-02-04 09:10:04',	5,	'Yemi Tula',	'Created New Class: KG 2 (ID: 2)'),
(166,	'2017-02-04 09:10:13',	5,	'Yemi Tula',	'Created New Class: Nursery 1 (ID: 3)'),
(167,	'2017-02-04 09:11:05',	5,	'Yemi Tula',	'Created New Class: Nursery 2 (ID: 4)'),
(168,	'2017-02-04 09:11:15',	5,	'Yemi Tula',	'Created New Class: Primary 1 (ID: 5)'),
(169,	'2017-02-04 09:11:28',	5,	'Yemi Tula',	'Created New Class: Primary 2 (ID: 6)'),
(170,	'2017-02-04 09:11:37',	5,	'Yemi Tula',	'Created New Class: Primary 3 (ID: 7)'),
(171,	'2017-02-04 09:11:46',	5,	'Yemi Tula',	'Created New Class: Primary 4 (ID: 8)'),
(172,	'2017-02-04 09:11:55',	5,	'Yemi Tula',	'Created New Class: Primary 5&6 (ID: 9)'),
(173,	'2017-02-04 09:12:03',	5,	'Yemi Tula',	'Edited Class: Primary 5 & 6 (ID: 9)'),
(174,	'2017-02-04 09:12:56',	5,	'Yemi Tula',	'Created New Class: JSS 1 (ID: 10)'),
(175,	'2017-02-04 09:13:05',	5,	'Yemi Tula',	'Created New Class: JSS 2 (ID: 11)'),
(176,	'2017-02-04 09:13:22',	5,	'Yemi Tula',	'Created New Class: Basic Stage (ID: 12)'),
(177,	'2017-02-04 09:13:32',	5,	'Yemi Tula',	'Created New Class: Key Stage 1 (ID: 13)'),
(178,	'2017-02-04 09:13:41',	5,	'Yemi Tula',	'Created New Class: Key Stage 2 (ID: 14)'),
(179,	'2017-02-04 09:14:14',	5,	'Yemi Tula',	'Created New Class: test (ID: 15)'),
(180,	'2017-02-04 09:18:37',	5,	'Yemi Tula',	'Deleted Class: test (15)'),
(181,	'2017-02-04 09:40:15',	5,	'Yemi Tula',	'Subject New Subject: Phonics (ID: 1)'),
(182,	'2017-02-04 09:40:37',	5,	'Yemi Tula',	'Subject New Subject: Mathematics (ID: 2)'),
(183,	'2017-02-04 09:42:55',	5,	'Yemi Tula',	'Edited Subject: Mathematics edit (ID: 2)'),
(184,	'2017-02-04 09:43:03',	5,	'Yemi Tula',	'Edited Subject: Mathematics (ID: 2)'),
(185,	'2017-02-04 09:43:24',	5,	'Yemi Tula',	'Subject New Subject: Diction/Phonetics (ID: 3)'),
(186,	'2017-02-04 09:44:07',	5,	'Yemi Tula',	'Subject New Subject: Start-up Business Development Class (ID: 4)'),
(187,	'2017-02-04 09:44:26',	5,	'Yemi Tula',	'Subject New Subject: Mentoring & Coaching Career Development Class (ID: 5)'),
(188,	'2017-02-04 09:45:08',	5,	'Yemi Tula',	'Subject New Subject: test (ID: 6)'),
(189,	'2017-02-04 09:45:40',	5,	'Yemi Tula',	'Deleted Subject: test (6)'),
(190,	'2017-02-06 11:43:12',	5,	'Yemi Tula',	'Logged Out'),
(191,	'2017-02-06 12:22:11',	5,	'Yemi Tula',	'Logged In: Successful'),
(192,	'2017-02-06 12:22:12',	5,	'Yemi Tula',	'Logged In: Successful'),
(193,	'2017-02-06 12:22:22',	5,	'Yemi Tula',	'Accessed Admin List'),
(194,	'2017-02-06 12:22:33',	5,	'Yemi Tula',	'Accessed Admin List'),
(195,	'2017-02-06 12:22:50',	5,	'Yemi Tula',	'Accessed Admin List'),
(196,	'2017-02-06 12:23:03',	5,	'Yemi Tula',	'Verified : John Smith (14)'),
(197,	'2017-02-06 12:23:04',	5,	'Yemi Tula',	'Accessed Admin List'),
(198,	'2017-02-06 12:23:04',	5,	'Yemi Tula',	'Accessed Admin List'),
(199,	'2017-02-06 12:23:15',	5,	'Yemi Tula',	'Accessed Admin List'),
(200,	'2017-02-06 12:23:26',	5,	'Yemi Tula',	'Accessed Admin List'),
(201,	'2017-02-06 12:53:20',	5,	'Yemi Tula',	'Accessed Admin List'),
(202,	'2017-02-17 11:24:00',	5,	'Yemi Tula',	'Accessed Admin List'),
(203,	'2017-02-17 11:24:07',	5,	'Yemi Tula',	'Accessed Admin List'),
(204,	'2017-02-17 11:40:00',	5,	'Yemi Tula',	'Accessed Admin List'),
(205,	'2017-02-17 11:41:09',	5,	'Yemi Tula',	'Accessed Admin List'),
(206,	'2017-02-17 11:41:48',	5,	'Yemi Tula',	'Accessed Admin List'),
(207,	'2017-02-17 12:12:30',	5,	'Yemi Tula',	'Logged Out'),
(208,	'2017-02-17 12:16:25',	5,	'Yemi Tula',	'Logged In: Successful'),
(209,	'2017-02-17 12:38:21',	5,	'Yemi Tula',	'Accessed Admin List'),
(210,	'2017-02-17 15:51:17',	5,	'Yemi Tula',	'Logged In: Successful'),
(211,	'2017-02-17 15:54:40',	5,	'Yemi Tula',	'Accessed Admin List'),
(212,	'2017-02-17 16:02:34',	5,	'Yemi Tula',	'Accessed Admin List'),
(213,	'2017-02-17 16:02:40',	5,	'Yemi Tula',	'Accessed Admin List'),
(214,	'2017-02-17 16:03:51',	5,	'Yemi Tula',	'Logged In: Successful'),
(215,	'2017-02-17 16:04:02',	5,	'Yemi Tula',	'Accessed Admin List'),
(216,	'2017-02-17 16:08:54',	5,	'Yemi Tula',	'Accessed Admin List'),
(217,	'2017-02-17 16:11:08',	5,	'Yemi Tula',	'Accessed Admin List'),
(218,	'2017-02-17 16:11:21',	5,	'Yemi Tula',	'Accessed Admin Details: John Blaze (ID: 4)'),
(219,	'2017-02-17 16:11:28',	5,	'Yemi Tula',	'Accessed Admin List'),
(220,	'2017-02-17 17:01:07',	5,	'Yemi Tula',	'Logged In: Successful'),
(221,	'2017-02-17 17:02:03',	5,	'Yemi Tula',	'Accessed Admin List'),
(222,	'2017-02-17 17:02:39',	5,	'Yemi Tula',	'Accessed Admin List'),
(223,	'2017-02-17 17:03:23',	5,	'Yemi Tula',	'Accessed Admin List'),
(224,	'2017-02-17 17:19:08',	5,	'Yemi Tula',	'Logged In: Successful'),
(225,	'2017-02-17 17:23:39',	5,	'Yemi Tula',	'Logged In: Successful'),
(226,	'2017-02-17 17:23:39',	5,	'Yemi Tula',	'Logged In: Successful'),
(227,	'2017-02-17 17:27:18',	5,	'Yemi Tula',	'Accessed Admin List'),
(228,	'2017-02-17 17:27:27',	5,	'Yemi Tula',	'Accessed Admin List'),
(229,	'2017-02-17 17:27:29',	5,	'Yemi Tula',	'Accessed Admin List'),
(230,	'2017-02-17 17:27:37',	5,	'Yemi Tula',	'Accessed Admin List'),
(231,	'2017-02-17 17:27:41',	5,	'Yemi Tula',	'Accessed Admin List'),
(232,	'2017-02-17 17:32:10',	5,	'Yemi Tula',	'Accessed Admin List'),
(233,	'2017-02-17 17:32:18',	5,	'Yemi Tula',	'Accessed Admin List'),
(234,	'2017-02-17 17:32:22',	5,	'Yemi Tula',	'Accessed Admin List'),
(235,	'2017-02-17 17:32:24',	5,	'Yemi Tula',	'Accessed Admin Details: John Smith (ID: 14)'),
(236,	'2017-02-17 17:32:26',	5,	'Yemi Tula',	'Accessed Admin List'),
(237,	'2017-02-17 17:32:28',	5,	'Yemi Tula',	'Accessed Admin Details: John Blaze (ID: 4)'),
(238,	'2017-02-17 17:32:30',	5,	'Yemi Tula',	'Accessed Admin List'),
(239,	'2017-02-17 17:41:46',	5,	'Yemi Tula',	'Accessed Admin List'),
(240,	'2017-02-17 17:42:08',	5,	'Yemi Tula',	'Accessed Admin List'),
(241,	'2017-02-17 17:42:11',	5,	'Yemi Tula',	'Accessed Admin List'),
(242,	'2017-02-17 17:43:16',	5,	'Yemi Tula',	'Logged In: Successful'),
(243,	'2017-02-17 17:43:23',	5,	'Yemi Tula',	'Accessed Admin List'),
(244,	'2017-02-17 17:45:26',	5,	'Yemi Tula',	'Accessed Admin List'),
(245,	'2017-02-17 17:45:33',	5,	'Yemi Tula',	'Accessed Admin List'),
(246,	'2017-02-17 17:45:39',	5,	'Yemi Tula',	'Accessed Admin List'),
(247,	'2017-02-17 17:48:42',	5,	'Yemi Tula',	'Logged In: Successful'),
(248,	'2017-02-17 17:48:53',	5,	'Yemi Tula',	'Accessed Admin List'),
(249,	'2017-02-17 17:53:39',	5,	'Yemi Tula',	'Logged In: Successful'),
(250,	'2017-02-17 17:53:46',	5,	'Yemi Tula',	'Accessed Admin List'),
(251,	'2017-02-17 17:57:02',	5,	'Yemi Tula',	'Logged In: Successful'),
(252,	'2017-02-17 17:57:02',	5,	'Yemi Tula',	'Logged In: Successful'),
(253,	'2017-02-17 17:57:12',	5,	'Yemi Tula',	'Accessed Admin List'),
(254,	'2017-02-17 18:08:29',	5,	'Yemi Tula',	'Logged In: Successful'),
(255,	'2017-02-17 18:08:29',	5,	'Yemi Tula',	'Logged In: Successful'),
(256,	'2017-02-17 18:08:34',	5,	'Yemi Tula',	'Accessed Admin List'),
(257,	'2017-02-17 18:17:54',	5,	'Yemi Tula',	'Accessed Admin List'),
(258,	'2017-02-17 18:21:28',	5,	'Yemi Tula',	'Logged In: Successful'),
(259,	'2017-02-17 18:21:37',	5,	'Yemi Tula',	'Accessed Admin List'),
(260,	'2017-02-18 12:16:03',	5,	'Yemi Tula',	'Accessed Admin List'),
(261,	'2017-02-18 12:16:10',	5,	'Yemi Tula',	'Accessed Admin List'),
(262,	'2017-02-18 12:57:54',	5,	'Yemi Tula',	'Accessed Admin List'),
(263,	'2017-02-18 13:30:51',	5,	'Yemi Tula',	'Accessed Admin Details: Modupe Sanni (ID: 2)'),
(264,	'2017-02-18 14:45:08',	5,	'Yemi Tula',	'Accessed Admin List'),
(265,	'2017-02-18 14:48:46',	5,	'Yemi Tula',	'Accessed Admin List'),
(266,	'2017-02-18 15:13:43',	5,	'Yemi Tula',	'Accessed Admin List'),
(267,	'2017-02-18 16:24:23',	5,	'Yemi Tula',	'Accessed Admin List'),
(268,	'2017-02-18 16:24:44',	5,	'Yemi Tula',	'Accessed Admin List'),
(269,	'2017-02-19 07:09:04',	5,	'Yemi Tula',	'Accessed Admin List'),
(270,	'2017-02-19 07:14:44',	5,	'Yemi Tula',	'Accessed Admin List'),
(271,	'2017-02-19 07:14:54',	5,	'Yemi Tula',	'Accessed Admin List'),
(272,	'2017-02-19 07:24:07',	5,	'Yemi Tula',	'Accessed Admin List'),
(273,	'2017-02-19 07:24:31',	5,	'Yemi Tula',	'Accessed Admin List'),
(274,	'2017-02-19 07:24:33',	5,	'Yemi Tula',	'Accessed Admin List'),
(275,	'2017-02-19 07:25:10',	5,	'Yemi Tula',	'Logged In: Successful'),
(276,	'2017-02-19 07:25:16',	5,	'Yemi Tula',	'Accessed Admin List'),
(277,	'2017-02-19 07:26:39',	5,	'Yemi Tula',	'Accessed Admin List'),
(278,	'2017-02-19 07:26:40',	5,	'Yemi Tula',	'Accessed Admin List'),
(279,	'2017-02-19 07:26:48',	5,	'Yemi Tula',	'Accessed Admin List'),
(280,	'2017-02-19 12:51:18',	5,	'Yemi Tula',	'Accessed Admin List'),
(281,	'2017-02-19 12:54:17',	5,	'Yemi Tula',	'Accessed Admin List'),
(282,	'2017-02-19 12:54:24',	5,	'Yemi Tula',	'Accessed Admin List'),
(283,	'2017-02-19 13:01:36',	5,	'Yemi Tula',	'Accessed Admin List'),
(284,	'2017-02-19 13:01:42',	5,	'Yemi Tula',	'Accessed Admin List'),
(285,	'2017-02-19 13:01:56',	5,	'Yemi Tula',	'Accessed Admin List'),
(286,	'2017-02-19 13:01:59',	5,	'Yemi Tula',	'Accessed Admin List'),
(287,	'2017-02-19 13:04:49',	5,	'Yemi Tula',	'Logged In: Successful'),
(288,	'2017-02-19 13:04:58',	5,	'Yemi Tula',	'Accessed Admin List'),
(289,	'2017-02-19 13:05:04',	5,	'Yemi Tula',	'Accessed Admin List'),
(290,	'2017-02-19 13:05:10',	5,	'Yemi Tula',	'Accessed Admin List'),
(291,	'2017-02-19 13:05:25',	5,	'Yemi Tula',	'Accessed Admin List'),
(292,	'2017-02-19 13:06:51',	5,	'Yemi Tula',	'Accessed Admin List'),
(293,	'2017-02-19 13:11:51',	5,	'Yemi Tula',	'Accessed Admin List'),
(294,	'2017-02-19 20:37:23',	5,	'Yemi Tula',	'Accessed Admin List'),
(295,	'2017-02-19 20:37:53',	5,	'Yemi Tula',	'Accessed Admin List'),
(296,	'2017-02-19 20:42:11',	5,	'Yemi Tula',	'Accessed Admin List'),
(297,	'2017-02-19 20:42:35',	5,	'Yemi Tula',	'Accessed Admin List'),
(298,	'2017-02-19 20:43:03',	5,	'Yemi Tula',	'Accessed Admin List'),
(299,	'2017-02-19 20:43:12',	5,	'Yemi Tula',	'Accessed Admin List'),
(300,	'2017-02-19 20:43:18',	5,	'Yemi Tula',	'Accessed Admin List'),
(301,	'2017-02-19 20:43:39',	5,	'Yemi Tula',	'Accessed Admin List'),
(302,	'2017-02-19 20:43:41',	5,	'Yemi Tula',	'Accessed Admin List'),
(303,	'2017-02-19 20:43:51',	5,	'Yemi Tula',	'Accessed Admin List'),
(304,	'2017-02-19 20:44:23',	5,	'Yemi Tula',	'Accessed Admin List'),
(305,	'2017-02-20 01:16:00',	5,	'Yemi Tula',	'Accessed Admin List'),
(306,	'2017-02-20 10:54:41',	5,	'Yemi Tula',	'Accessed Admin List'),
(307,	'2017-02-20 15:00:11',	5,	'Yemi Tula',	'Accessed Admin List'),
(308,	'2017-02-20 15:00:25',	5,	'Yemi Tula',	'Accessed Admin List'),
(309,	'2017-02-20 15:07:42',	5,	'Yemi Tula',	'Logged In: Successful'),
(310,	'2017-02-20 15:11:43',	5,	'Yemi Tula',	'Accessed Admin List'),
(311,	'2017-02-20 15:11:56',	5,	'Yemi Tula',	'Accessed Admin List'),
(312,	'2017-02-20 15:13:37',	5,	'Yemi Tula',	'Accessed Admin List'),
(313,	'2017-02-20 15:13:44',	5,	'Yemi Tula',	'Accessed Admin List'),
(314,	'2017-02-20 15:14:47',	5,	'Yemi Tula',	'Accessed Admin List'),
(315,	'2017-02-20 15:14:53',	5,	'Yemi Tula',	'Accessed Admin List'),
(316,	'2017-02-20 15:14:59',	5,	'Yemi Tula',	'Accessed Admin List'),
(317,	'2017-02-20 15:15:15',	5,	'Yemi Tula',	'Accessed Admin List'),
(318,	'2017-02-20 16:29:42',	5,	'Yemi Tula',	'Accessed Admin List'),
(319,	'2017-02-20 16:29:49',	5,	'Yemi Tula',	'Accessed Admin List'),
(320,	'2017-02-20 16:29:54',	5,	'Yemi Tula',	'Accessed Admin List'),
(321,	'2017-02-20 16:29:56',	5,	'Yemi Tula',	'Accessed Admin List'),
(322,	'2017-02-20 16:30:40',	5,	'Yemi Tula',	'Accessed Admin List'),
(323,	'2017-02-20 16:30:47',	5,	'Yemi Tula',	'Accessed Admin List'),
(324,	'2017-02-20 16:31:06',	5,	'Yemi Tula',	'Accessed Admin List'),
(325,	'2017-02-20 16:36:47',	5,	'Yemi Tula',	'Accessed Admin List'),
(326,	'2017-02-20 16:37:47',	5,	'Yemi Tula',	'Accessed Admin List'),
(327,	'2017-02-20 16:37:52',	5,	'Yemi Tula',	'Accessed Admin List'),
(328,	'2017-02-20 16:37:56',	5,	'Yemi Tula',	'Accessed Admin List'),
(329,	'2017-02-20 16:38:56',	5,	'Yemi Tula',	'Accessed Admin List'),
(330,	'2017-02-20 16:43:49',	5,	'Yemi Tula',	'Accessed Admin List'),
(331,	'2017-02-20 16:44:19',	5,	'Yemi Tula',	'Accessed Admin List'),
(332,	'2017-02-20 17:09:29',	5,	'Yemi Tula',	'Accessed Admin List'),
(333,	'2017-02-20 17:10:01',	5,	'Yemi Tula',	'Accessed Admin List'),
(334,	'2017-02-20 17:22:03',	5,	'Yemi Tula',	'Accessed Admin List'),
(335,	'2017-02-20 17:31:12',	5,	'Yemi Tula',	'Accessed Admin List'),
(336,	'2017-02-20 18:41:36',	5,	'Yemi Tula',	'Accessed Admin List'),
(337,	'2017-02-20 18:47:53',	5,	'Yemi Tula',	'Accessed Admin List'),
(338,	'2017-02-20 18:48:52',	5,	'Yemi Tula',	'Accessed Admin List'),
(339,	'2017-02-20 18:49:54',	5,	'Yemi Tula',	'Accessed Admin List'),
(340,	'2017-02-20 19:43:27',	5,	'Yemi Tula',	'Accessed Admin List'),
(341,	'2017-02-20 19:43:40',	5,	'Yemi Tula',	'Accessed Admin List'),
(342,	'2017-02-20 19:46:06',	5,	'Yemi Tula',	'Accessed Admin List'),
(343,	'2017-02-20 19:46:17',	5,	'Yemi Tula',	'Accessed Admin List'),
(344,	'2017-02-20 21:53:47',	5,	'Yemi Tula',	'Logged In: Successful'),
(345,	'2017-02-20 21:53:54',	5,	'Yemi Tula',	'Accessed Admin List'),
(346,	'2017-02-20 22:01:04',	5,	'Yemi Tula',	'Accessed Admin List'),
(347,	'2017-02-20 22:15:50',	5,	'Yemi Tula',	'Accessed Admin List'),
(348,	'2017-02-20 22:16:01',	5,	'Yemi Tula',	'Accessed Admin List'),
(349,	'2017-02-20 22:18:41',	5,	'Yemi Tula',	'Accessed Admin List'),
(350,	'2017-02-20 22:27:45',	5,	'Yemi Tula',	'Accessed Admin List'),
(351,	'2017-02-20 22:27:57',	5,	'Yemi Tula',	'Accessed Admin List'),
(352,	'2017-02-20 22:28:29',	5,	'Yemi Tula',	'Accessed Admin List'),
(353,	'2017-02-20 22:34:30',	5,	'Yemi Tula',	'Accessed Admin List'),
(354,	'2017-02-20 22:40:47',	5,	'Yemi Tula',	'Accessed Admin List'),
(355,	'2017-02-20 22:42:12',	5,	'Yemi Tula',	'Accessed Admin List'),
(356,	'2017-02-20 22:42:41',	5,	'Yemi Tula',	'Accessed Admin List'),
(357,	'2017-02-20 23:21:17',	5,	'Yemi Tula',	'Accessed Admin List'),
(358,	'2017-02-21 00:53:44',	5,	'Yemi Tula',	'Accessed Admin List'),
(359,	'2017-02-21 00:54:01',	5,	'Yemi Tula',	'Accessed Admin List'),
(360,	'2017-02-21 10:09:38',	5,	'Yemi Tula',	'Accessed Admin List'),
(361,	'2017-02-21 10:09:53',	5,	'Yemi Tula',	'Accessed Admin List'),
(362,	'2017-02-21 10:10:04',	5,	'Yemi Tula',	'Accessed Admin List'),
(363,	'2017-02-21 10:10:39',	5,	'Yemi Tula',	'Accessed Admin List'),
(364,	'2017-02-21 10:39:49',	5,	'Yemi Tula',	'Accessed Admin List'),
(365,	'2017-02-21 10:42:48',	5,	'Yemi Tula',	'Accessed Admin List'),
(366,	'2017-02-21 10:59:48',	5,	'Yemi Tula',	'Accessed Admin List'),
(367,	'2017-02-21 11:40:02',	5,	'Yemi Tula',	'Accessed Admin List'),
(368,	'2017-02-21 13:20:25',	5,	'Yemi Tula',	'Accessed Admin List'),
(369,	'2017-02-21 13:22:11',	5,	'Yemi Tula',	'Accessed Admin List'),
(370,	'2017-02-21 13:23:59',	5,	'Yemi Tula',	'Accessed Admin List'),
(371,	'2017-02-21 13:34:48',	5,	'Yemi Tula',	'Accessed Admin List'),
(372,	'2017-02-21 13:50:53',	5,	'Yemi Tula',	'Accessed Admin List'),
(373,	'2017-02-21 14:17:53',	5,	'Yemi Tula',	'Logged In: Successful'),
(374,	'2017-02-21 14:18:04',	5,	'Yemi Tula',	'Accessed Admin List'),
(375,	'2017-02-21 16:33:53',	5,	'Yemi Tula',	'Logged In: Successful'),
(376,	'2017-02-27 14:28:30',	5,	'Yemi Tula',	'Logged In: Successful'),
(377,	'2017-02-27 15:14:21',	5,	'Yemi Tula',	'Logged Out'),
(378,	'2017-02-27 15:14:43',	5,	'Yemi Tula',	'Logged In: Successful'),
(379,	'2017-03-14 05:13:09',	5,	'Yemi Tula',	'Logged In: Successful'),
(380,	'2017-03-14 11:01:00',	5,	'Yemi Tula',	'Accessed Admin List'),
(381,	'2017-03-14 11:01:06',	5,	'Yemi Tula',	'Accessed Admin List'),
(382,	'2017-03-14 11:01:12',	5,	'Yemi Tula',	'Accessed Admin List'),
(383,	'2017-03-14 11:01:17',	5,	'Yemi Tula',	'Accessed Admin List'),
(384,	'2017-03-14 11:01:26',	5,	'Yemi Tula',	'Accessed Admin List'),
(385,	'2017-03-22 12:08:52',	5,	'Yemi Tula',	'Logged In: Successful'),
(386,	'2017-03-22 12:13:55',	5,	'Yemi Tula',	'Changed Password'),
(387,	'2017-03-22 12:25:59',	5,	'Yemi Tula',	'Accessed Admin List'),
(388,	'2017-03-22 13:17:13',	5,	'Yemi Tula',	'Accessed Admin List'),
(389,	'2017-03-29 13:55:54',	5,	'Yemi Tula',	'Logged In: Successful'),
(390,	'2017-03-30 06:42:11',	5,	'Yemi Tula',	'Logged In: Successful'),
(391,	'2017-04-05 01:33:48',	5,	'Yemi Tula',	'Logged In: Successful'),
(392,	'2017-04-05 01:40:48',	5,	'Yemi Tula',	'Edited Course: Basic Stage-Start-up Business Development Class (ID: 2)'),
(393,	'2017-04-05 01:53:05',	5,	'Yemi Tula',	'Edited Admin: yemi@tulabyte.net (ID: 5)'),
(394,	'2017-04-05 01:53:34',	5,	'Yemi Tula',	'Logged Out'),
(395,	'2017-04-05 01:53:36',	5,	'Yemi Tula',	'Logged In: Successful'),
(396,	'2017-04-05 02:15:31',	5,	'Yemi Tula',	'Created New Lesson: Lesson 1 (ID: 1)'),
(397,	'2017-04-05 12:32:46',	5,	'Yemi Tula',	'Logged In: Successful'),
(398,	'2017-04-05 12:40:02',	5,	'Yemi Tula',	'Logged In: Successful'),
(399,	'2017-04-05 12:44:13',	5,	'Yemi Tula',	'Deleted Question: Question 1 (1)'),
(400,	'2017-04-05 12:44:59',	5,	'Yemi Tula',	'Logged Out'),
(401,	'2017-04-05 12:45:02',	5,	'Yemi Tula',	'Logged In: Successful'),
(402,	'2017-04-05 12:46:41',	5,	'Yemi Tula',	'Edited Admin: yemi@tulabyte.net (ID: 5)'),
(403,	'2017-04-05 13:00:55',	5,	'Yemi Tula',	'Logged In: Successful'),
(404,	'2017-04-05 13:12:58',	5,	'Yemi Tula',	'Deleted Lesson: go (2)'),
(405,	'2017-04-13 17:31:49',	5,	'Yemi Tula',	'Logged In: Successful'),
(406,	'2017-04-17 16:56:43',	5,	'Yemi Tula',	'Logged In: Successful'),
(407,	'2017-04-17 17:06:03',	5,	'Yemi Tula',	'Created Broadcast: Testing BC on Easter Monday  (ID: 5)'),
(408,	'2017-04-17 17:17:49',	5,	'Yemi Tula',	'Logged In: Successful'),
(409,	'2017-04-17 17:18:10',	5,	'Yemi Tula',	'Created Broadcast: Testing BC on Easter Monday  (ID: 5)'),
(410,	'2017-04-17 17:29:15',	5,	'Yemi Tula',	'Logged In: Successful'),
(411,	'2017-04-17 18:37:03',	5,	'Yemi Tula',	'Deleted Lesson: Introduction to business (3)'),
(412,	'2017-04-17 18:39:52',	5,	'Yemi Tula',	'Created New Lesson: Lesson 2 (ID: 4)'),
(413,	'2017-04-17 18:40:14',	5,	'Yemi Tula',	'Created New Lesson: Lesson 3 (ID: 5)'),
(414,	'2017-04-17 18:40:29',	5,	'Yemi Tula',	'Created New Lesson: Lesson 4 (ID: 6)'),
(415,	'2017-04-17 18:55:46',	5,	'Yemi Tula',	'Deleted Question: dsfdsfds (3)'),
(416,	'2017-04-18 04:42:29',	5,	'Yemi Tula',	'Created New Lesson: Lesson 1 (ID: 7)'),
(417,	'2017-04-18 04:42:40',	5,	'Yemi Tula',	'Created New Lesson: Lesson 2 (ID: 8)'),
(418,	'2017-04-18 04:43:04',	5,	'Yemi Tula',	'Created New Lesson: Lesson 1 (ID: 9)'),
(419,	'2017-04-18 04:43:14',	5,	'Yemi Tula',	'Created New Lesson: Lesson 2 (ID: 10)'),
(420,	'2017-04-18 04:43:24',	5,	'Yemi Tula',	'Created New Lesson: Lesson 3 (ID: 11)'),
(421,	'2017-04-18 04:43:43',	5,	'Yemi Tula',	'Created New Lesson: Lesson 1 (ID: 12)'),
(422,	'2017-04-18 04:43:54',	5,	'Yemi Tula',	'Created New Lesson: Lesson 2 (ID: 13)'),
(423,	'2017-04-18 04:44:27',	5,	'Yemi Tula',	'Created New Lesson: Class 1 (ID: 14)'),
(424,	'2017-04-18 04:44:40',	5,	'Yemi Tula',	'Created New Lesson: Class 2 (ID: 15)'),
(425,	'2017-04-18 06:05:16',	5,	'Yemi Tula',	'Logged In: Successful'),
(426,	'2017-04-18 06:44:01',	5,	'Yemi Tula',	'Accessed Admin List'),
(427,	'2017-04-18 06:44:10',	5,	'Yemi Tula',	'Accessed Admin List'),
(428,	'2017-04-18 08:21:44',	5,	'Yemi Tula',	'Accessed Admin List'),
(429,	'2017-04-18 09:45:39',	5,	'Yemi Tula',	'Accessed Admin List'),
(430,	'2017-04-18 09:53:58',	5,	'Yemi Tula',	'Created New Lesson: Lesson 1 (ID: 16)'),
(431,	'2017-04-18 09:54:09',	5,	'Yemi Tula',	'Created New Lesson: Lesson 2 (ID: 17)'),
(432,	'2017-04-18 09:54:21',	5,	'Yemi Tula',	'Created New Lesson: Lesson 3 (ID: 18)'),
(433,	'2017-04-18 10:01:06',	5,	'Yemi Tula',	'Logged In: Successful'),
(434,	'2017-04-18 10:39:47',	5,	'Yemi Tula',	'Logged In: Successful'),
(435,	'2017-04-18 11:04:31',	2,	'Modupe Sanni',	'Logged In: Successful'),
(436,	'2017-04-18 11:19:00',	2,	'Modupe Sanni',	'Logged In: Successful'),
(437,	'2017-04-18 11:20:06',	2,	'Modupe Sanni',	'Logged In: Successful'),
(438,	'2017-04-18 11:24:48',	5,	'Yemi Tula',	'Logged Out'),
(439,	'2017-04-18 11:25:02',	2,	'Modupe Sanni',	'Logged In: Successful'),
(440,	'2017-04-18 11:28:40',	2,	'Modupe Sanni',	'Logged In: Successful'),
(441,	'2017-04-18 11:52:27',	5,	'Yemi Tula',	'Logged In: Successful'),
(442,	'2017-04-18 12:50:20',	5,	'Yemi Tula',	'Logged In: Successful'),
(443,	'2017-04-18 13:44:16',	2,	'Modupe Sanni',	'Logged Out'),
(444,	'2017-04-18 13:49:45',	2,	'Modupe Sanni',	'Logged In: Successful'),
(445,	'2017-04-18 13:56:38',	2,	'Modupe Sanni',	'Created Broadcast: Testing Message after Easter  (ID: 2)'),
(446,	'2017-04-18 13:58:08',	2,	'Modupe Sanni',	'Logged Out'),
(447,	'2017-04-18 13:59:10',	5,	'Yemi Tula',	'Logged In: Successful'),
(448,	'2017-04-18 14:16:40',	5,	'Yemi Tula',	'Logged Out'),
(449,	'2017-04-18 14:17:39',	5,	'Yemi Tula',	'Logged In: Successful'),
(450,	'2017-04-18 14:19:27',	5,	'Yemi Tula',	'Created TEACHER: Trenova Teacher (ID: 15)'),
(451,	'2017-04-18 14:19:27',	5,	'Yemi Tula',	'Accessed Admin List'),
(452,	'2017-04-18 14:19:40',	5,	'Yemi Tula',	'Logged Out'),
(453,	'2017-04-18 14:19:51',	6,	'Gabriel Adetula',	'Logged In: Successful'),
(454,	'2017-04-18 14:21:09',	6,	'Gabriel Adetula',	'Logged Out'),
(455,	'2017-04-18 14:21:15',	5,	'Yemi Tula',	'Logged In: Successful'),
(456,	'2017-04-18 14:48:11',	5,	'Yemi Tula',	'Created New Lesson: Lesson 1 (ID: 65)'),
(457,	'2017-04-18 14:50:02',	5,	'Yemi Tula',	'Created New Lesson: Lesson 2 (ID: 66)'),
(458,	'2017-04-18 14:51:29',	5,	'Yemi Tula',	'Edited Module: Week 1 - Lesson 1 (ID: 65)'),
(459,	'2017-04-18 14:51:38',	5,	'Yemi Tula',	'Edited Module: Week 1 - Lesson 2 (ID: 66)'),
(460,	'2017-04-18 14:51:53',	5,	'Yemi Tula',	'Created New Lesson: Week 2 - Lesson 1 (ID: 67)'),
(461,	'2017-04-18 16:25:23',	5,	'Yemi Tula',	'Logged Out'),
(462,	'2017-04-18 16:31:28',	6,	'Gabriel Adetula',	'Logged In: Successful'),
(463,	'2017-05-08 10:57:40',	5,	'Yemi Tula',	'Logged In: Successful'),
(464,	'2017-05-16 08:57:47',	5,	'Yemi Tula',	'Logged In: Successful'),
(465,	'2017-05-18 12:35:12',	5,	'Yemi Tula',	'Logged In: Successful'),
(466,	'2017-05-31 16:06:41',	5,	'Yemi Tula',	'Logged In: Successful'),
(467,	'2017-06-01 00:37:37',	5,	'Yemi Tula',	'Logged In: Successful'),
(468,	'2017-06-01 09:53:46',	5,	'Yemi Tula',	'Logged In: Successful'),
(469,	'2017-06-01 12:53:53',	15,	'Trenova Teacher',	'Logged In: Successful'),
(470,	'2017-06-01 12:57:00',	15,	'Trenova Teacher',	'Logged Out'),
(471,	'2017-06-01 12:57:14',	15,	'Trenova Teacher',	'Logged In: Successful'),
(472,	'2017-06-01 12:57:32',	15,	'Trenova Teacher',	'Logged Out'),
(473,	'2017-06-01 13:00:01',	15,	'Trenova Teacher',	'Logged In: Successful'),
(474,	'2017-06-01 13:01:31',	15,	'Trenova Teacher',	'Logged Out'),
(475,	'2017-06-01 13:01:36',	15,	'Trenova Teacher',	'Logged In: Successful'),
(476,	'2017-06-01 13:09:04',	5,	'Yemi Tula',	'Logged Out'),
(477,	'2017-06-01 13:09:56',	15,	'Trenova Teacher',	'Logged In: Successful'),
(478,	'2017-06-01 13:12:56',	15,	'Trenova Teacher',	'Logged Out'),
(479,	'2017-06-01 13:13:01',	5,	'Yemi Tula',	'Logged In: Successful'),
(480,	'2017-06-01 13:26:42',	15,	'Trenova Teacher',	'Logged Out'),
(481,	'2017-06-01 13:32:27',	15,	'Trenova Teacher',	'Logged In: Successful'),
(482,	'2017-06-01 13:39:49',	15,	'Trenova Teacher',	'Logged Out'),
(483,	'2017-06-01 13:40:43',	7,	'Segun Kess',	'Logged In: Successful'),
(484,	'2017-06-01 13:42:32',	7,	'Segun Kess',	'Created New Lesson: Iam Kess (ID: 68)'),
(485,	'2017-06-01 13:53:17',	7,	'Segun Kess',	'Created New Lesson: Video Test (ID: 69)'),
(486,	'2017-06-01 15:39:26',	5,	'Yemi Tula',	'Logged Out'),
(487,	'2017-06-01 15:51:09',	5,	'Yemi Tula',	'Logged In: Successful'),
(488,	'2017-06-02 10:46:34',	15,	'Trenova Teacher',	'Logged In: Successful'),
(489,	'2017-06-02 11:04:39',	5,	'Yemi Tula',	'Logged In: Successful'),
(490,	'2017-06-02 11:05:05',	5,	'Yemi Tula',	'Logged Out'),
(491,	'2017-06-02 11:05:22',	15,	'Trenova Teacher',	'Logged In: Successful'),
(492,	'2017-06-02 13:45:42',	15,	'Trenova Teacher',	'Logged Out'),
(493,	'2017-06-02 13:49:22',	15,	'Trenova Teacher',	'Logged In: Successful'),
(494,	'2017-06-02 13:53:32',	15,	'Trenova Teacher',	'Created New Lesson: teccher sample (ID: 70)'),
(495,	'2017-06-02 13:55:33',	15,	'Trenova Teacher',	'Logged Out'),
(496,	'2017-06-02 13:55:42',	5,	'Yemi Tula',	'Logged In: Successful'),
(497,	'2017-06-02 14:02:35',	5,	'Yemi Tula',	'Created New School: university (ID: 4)'),
(498,	'2017-06-02 14:04:38',	5,	'Yemi Tula',	'Created New Class: 100l (ID: 19)'),
(499,	'2017-06-02 14:06:47',	5,	'Yemi Tula',	'Accessed Admin List'),
(500,	'2017-06-02 14:07:41',	5,	'Yemi Tula',	'Created SUPER: Adeolu Sayo (ID: 16)'),
(501,	'2017-06-02 14:07:42',	5,	'Yemi Tula',	'Accessed Admin List'),
(502,	'2017-06-02 14:07:52',	16,	'Adeolu Sayo',	'Logged In: Successful'),
(503,	'2017-06-05 12:04:48',	5,	'Yemi Tula',	'Logged In: Successful'),
(504,	'2017-06-13 12:09:14',	5,	'Yemi Tula',	'Logged In: Successful'),
(505,	'2017-06-13 12:10:13',	5,	'Yemi Tula',	'Logged In: Successful');

CREATE TABLE `agent_credit_purchase` (
  `acp_id` int(11) NOT NULL AUTO_INCREMENT,
  `acp_date` date NOT NULL,
  `acp_agent_id` int(11) NOT NULL,
  `acp_credits` int(11) NOT NULL DEFAULT '0',
  PRIMARY KEY (`acp_id`),
  KEY `acp_agent_id` (`acp_agent_id`)
) ENGINE=MyISAM DEFAULT CHARSET=latin1;

INSERT INTO `agent_credit_purchase` (`acp_id`, `acp_date`, `acp_agent_id`, `acp_credits`) VALUES
(1,	'2017-02-15',	2,	50),
(2,	'2017-02-15',	11,	50),
(3,	'2017-02-20',	2,	10),
(4,	'2017-02-03',	11,	20);

CREATE TABLE `agent_credit_usage` (
  `acu_id` int(11) NOT NULL AUTO_INCREMENT,
  `acu_date` date NOT NULL,
  `acu_agent_id` int(11) NOT NULL,
  `acu_user_id` int(11) NOT NULL,
  `acu_course_id` int(11) NOT NULL,
  `acu_credits` int(11) NOT NULL DEFAULT '0',
  PRIMARY KEY (`acu_id`),
  KEY `acu_agent_id` (`acu_agent_id`),
  KEY `acu_user_id` (`acu_user_id`),
  KEY `acu_course_id` (`acu_course_id`)
) ENGINE=MyISAM DEFAULT CHARSET=latin1;

INSERT INTO `agent_credit_usage` (`acu_id`, `acu_date`, `acu_agent_id`, `acu_user_id`, `acu_course_id`, `acu_credits`) VALUES
(1,	'2017-02-01',	2,	1,	2,	3),
(2,	'2017-02-20',	2,	2,	1,	3),
(3,	'2017-02-19',	2,	1,	2,	5),
(4,	'2017-02-19',	2,	2,	2,	5),
(5,	'2017-02-20',	11,	1,	1,	3),
(6,	'2017-02-20',	11,	2,	2,	5);

CREATE TABLE `agent_order` (
  `ao_id` int(11) NOT NULL AUTO_INCREMENT,
  `ao_agent_id` int(11) NOT NULL,
  `ao_course_id` int(11) NOT NULL,
  `ao_qty` int(11) NOT NULL,
  `ao_amount` decimal(12,2) NOT NULL,
  `ao_status` enum('PENDING','COMPLETED') NOT NULL DEFAULT 'COMPLETED',
  `ao_date` date NOT NULL,
  `ao_discount` int(11) NOT NULL,
  PRIMARY KEY (`ao_id`)
) ENGINE=InnoDB DEFAULT CHARSET=latin1;

INSERT INTO `agent_order` (`ao_id`, `ao_agent_id`, `ao_course_id`, `ao_qty`, `ao_amount`, `ao_status`, `ao_date`, `ao_discount`) VALUES
(1,	2,	14,	10,	10000.00,	'COMPLETED',	'2017-04-18',	0),
(2,	2,	8,	15,	15000.00,	'COMPLETED',	'2017-04-18',	0),
(3,	2,	21,	25,	23750.00,	'COMPLETED',	'2017-04-18',	5);

CREATE TABLE `broadcast` (
  `bc_id` int(11) NOT NULL AUTO_INCREMENT,
  `bc_ad_id` int(11) NOT NULL,
  `bc_message` varchar(500) NOT NULL,
  `bc_topic` varchar(100) NOT NULL,
  `bc_date` date NOT NULL,
  PRIMARY KEY (`bc_id`)
) ENGINE=InnoDB DEFAULT CHARSET=latin1;

INSERT INTO `broadcast` (`bc_id`, `bc_ad_id`, `bc_message`, `bc_topic`, `bc_date`) VALUES
(1,	1,	'Enthusiastically productivate visionary alignments rather than prospective core competencies. Authoritatively harness premier sources through long-term high-impact niches. Quickly harness prospective benefits rather than viral growth strategies. Intrinsicly re-engineer world-class quality vectors for excellent platforms. Continually exploit prospective paradigms after stand-alone outsourcing.\n\nAssertively grow global applications and frictionless vortals. Credibly network.',	'Progressively leverage other\'s out-of-the-box tech',	'2017-03-24'),
(2,	2,	'Efficiently network functional communities through go forward users. Seamlessly implement reliable p',	'Interactively fabricate transparent metrics vis-a-',	'2017-03-24'),
(3,	5,	'This is to notify users that the Lenova App is Launching Sometime in April',	'Notification to all users',	'2017-03-29'),
(5,	5,	'Credibly aggregate standardized products via out-of-the-box metrics. Continually network highly efficient niche markets with pandemic web services. Uniquely facilitate tactical infrastructures vis-a-vis standards compliant strategic theme.',	'Testing BC on Easter Monday',	'2017-04-17'),
(6,	2,	'Seamlessly redefine accurate sources vis-a-vis intermandated networks. Phosfluorescently initiate cross-media partnerships for real-time architectures. Seamlessly recaptiualize multidisciplinary niche markets through low-risk high-yield outsourcing. Energistically communicate pandemic products after cooperative methods of empowerment. Monotonectally extend exceptional sources and value-added applications.',	'Testing Message after Easter',	'2017-04-18');

CREATE TABLE `class` (
  `class_id` int(11) NOT NULL AUTO_INCREMENT,
  `class_name` varchar(100) NOT NULL,
  `class_school_id` int(11) NOT NULL,
  `class_is_disabled` int(1) DEFAULT NULL,
  PRIMARY KEY (`class_id`),
  KEY `class_school_id` (`class_school_id`),
  CONSTRAINT `class_ibfk_1` FOREIGN KEY (`class_school_id`) REFERENCES `school` (`sch_id`)
) ENGINE=InnoDB DEFAULT CHARSET=latin1;

INSERT INTO `class` (`class_id`, `class_name`, `class_school_id`, `class_is_disabled`) VALUES
(1,	'KG 1',	1,	NULL),
(2,	'KG 2',	1,	NULL),
(3,	'Nursery 1',	1,	NULL),
(4,	'Nursery 2',	1,	NULL),
(5,	'Grade 1',	1,	NULL),
(6,	'Grade 2',	1,	NULL),
(7,	'Grade 3',	1,	NULL),
(8,	'Grade 4',	1,	NULL),
(9,	'Grade 5 & 6',	1,	NULL),
(10,	'JSS 1',	2,	NULL),
(11,	'JSS 2',	2,	NULL),
(12,	'Basic Stage',	3,	NULL),
(13,	'Key Stage 1',	3,	NULL),
(14,	'Key Stage 2',	3,	NULL),
(15,	'SSS 1',	2,	NULL),
(16,	'JSS 3',	2,	NULL),
(17,	'SSS 2',	2,	NULL),
(18,	'SSS 3',	2,	NULL),
(19,	'100l',	4,	NULL);

CREATE TABLE `course` (
  `course_id` int(11) NOT NULL AUTO_INCREMENT,
  `course_title` varchar(100) NOT NULL,
  `course_class_id` int(11) NOT NULL,
  `course_subject_id` int(11) NOT NULL,
  `course_term` int(11) NOT NULL DEFAULT '0',
  `course_summary` varchar(1000) NOT NULL,
  `course_description` text NOT NULL,
  `course_image` varchar(100) NOT NULL,
  `course_price` double(10,2) NOT NULL,
  `course_time_created` datetime NOT NULL,
  `course_quiz_minutes` int(11) NOT NULL DEFAULT '5',
  `course_questions_per_quiz` int(11) NOT NULL DEFAULT '5',
  `course_is_featured` int(1) DEFAULT NULL,
  `course_is_disabled` int(1) DEFAULT NULL,
  `course_view_count` int(11) NOT NULL DEFAULT '0',
  `course_share_count` int(11) NOT NULL DEFAULT '0',
  `course_creator_id` int(11) NOT NULL DEFAULT '5',
  `course_status` enum('PENDING','ACTIVE') NOT NULL DEFAULT 'ACTIVE',
  PRIMARY KEY (`course_id`),
  KEY `course_class_id` (`course_class_id`),
  KEY `course_subject_id` (`course_subject_id`),
  KEY `course_creator_id` (`course_creator_id`),
  CONSTRAINT `course_ibfk_1` FOREIGN KEY (`course_class_id`) REFERENCES `class` (`class_id`),
  CONSTRAINT `course_ibfk_2` FOREIGN KEY (`course_subject_id`) REFERENCES `subject` (`sb_id`),
  CONSTRAINT `course_ibfk_3` FOREIGN KEY (`course_creator_id`) REFERENCES `admin` (`ad_id`)
) ENGINE=InnoDB DEFAULT CHARSET=latin1;

INSERT INTO `course` (`course_id`, `course_title`, `course_class_id`, `course_subject_id`, `course_term`, `course_summary`, `course_description`, `course_image`, `course_price`, `course_time_created`, `course_quiz_minutes`, `course_questions_per_quiz`, `course_is_featured`, `course_is_disabled`, `course_view_count`, `course_share_count`, `course_creator_id`, `course_status`) VALUES
(1,	'Start-up Business Development Class - Basic Stage - Section 1',	12,	4,	1,	'Dramatically disintermediate just in time schemas vis-a-vis high-quality benefits. Dynamically evisculate cross-unit leadership skills and equity invested.',	'<p>Dynamically benchmark exceptional leadership skills for prospective web-readiness. Objectively monetize resource-leveling information rather than principle-centered niches. <b>Progressively initiate 24/365 mate</b>rials through goal-oriented paradigms. Appropriately reintermediate dynamic human capital without corporate &#34;outside the box&#34; thinking. Seamlessly foster open-source data whereas highly efficient models.</p><p><br/></p><p>Collaboratively customize market positioning action items for backward-compatible.</p>',	'ntl-driver-car.jpg',	500.00,	'2017-02-06 10:39:03',	5,	5,	1,	NULL,	0,	0,	5,	'ACTIVE'),
(2,	'Basic Stage - Start-up Business Development Class - Term 1',	11,	5,	1,	'Learn To BEcome a Programmer',	'<p><b>Efficiently leverage other\'s stand-alone users via fully tested process improvements. Enthusiastically deploy market positioning web services after granular e-tailers</b>.&#160;</p><p>Completely procrastinate customer directed channels rather than business collaboration and idea-sharing. Energistically build performance based communities vis-a-vis robust sources. Objectively aggregate plug-and-play functionalities without customized alignments.</p><p><br/></p><p>Appropriately extend diverse.</p>',	'gej3.jpg',	10000.00,	'2017-02-13 00:00:00',	5,	5,	1,	NULL,	2,	1,	5,	'ACTIVE'),
(3,	'KG1 Phonics - 1st Term',	1,	1,	1,	'Collaboratively develop quality methodologies rather than tactical users. Compellingly implement superior benefits.',	'<p>Rapidiously develop emerging platforms via timely models. Collaboratively repurpose just in time vortals rather than ethical human capital. Quickly seize dynamic users with sustainable results. Collaboratively procrastinate real-time core.</p><p>Conveniently evolve diverse sources before standards compliant potentialities. Completely revolutionize functionalized schemas without ethical applications. Quickly negotiate global &#34;outside the box&#34; thinking through web-enabled quality vectors. Appropriately synthesize multifunctional.</p>',	'tulabyte work team.jpg',	5000.00,	'2017-03-22 13:49:35',	5,	5,	1,	NULL,	0,	0,	5,	'ACTIVE'),
(4,	'Key Stage 1-Mathematics-Term-1',	13,	2,	2,	'Collaboratively underwhelm emerging growth strategies after resource-leveling total linkage. Phosfluorescently reinvent open-source synergy before unique web services. Collaboratively seize enterprise architectures rather than web-enabled benefits. Dynamically.',	'<p>Quickly morph cross-media materials and tactical best practices. Interactively formulate strategic partnerships whereas market-driven architectures. Quickly whiteboard interoperable testing procedures and goal-oriented core competencies. Progressively incentivize tactical models after leading-edge alignments. Competently pursue ethical total linkage rather than 2.0 e-commerce.</p><p><br/></p><p>Collaboratively benchmark front-end e-tailers without distinctive strategic theme areas. Efficiently customize turnkey best practices before 24/365 quality vectors. Progressively restore enabled relationships after sustainable methods of empowerment. Intrinsicly embrace.</p>',	'For Students.jpg',	2000.00,	'2017-04-05 12:50:16',	5,	5,	1,	NULL,	0,	0,	5,	'ACTIVE'),
(5,	'KG 1 - Mathematics - Term 1',	1,	2,	1,	'Completely optimize optimal synergy without wireless ideas. Continually facilitate holistic infrastructures rather than quality mindshare. Uniquely promote client-centric convergence via standards compliant benefits. Compellingly deploy high.',	'<blockquote><p><b>Dramatically pontificate synergistic growth strategies after best-of-breed results. Synergistically develop high-payoff networks whereas performance based alignments. Monotonectally brand 24/7 vortals before interdependent applications. Continually monetize turnkey sources for integrated partnerships. Objectively predominate bricks-and-clicks solutions without enterprise-wide core competencies.</b><br/><br/>Energistically fabricate functional methods of empowerment whereas emerging quality vectors. Assertively fabricate multidisciplinary sources vis-a-vis reliable e-commerce. Phosfluorescently strategize multifunctional ROI without prospective paradigms. Appropriately reconceptualize backward-compatible deliverables vis-a-vis B2C niches. Dramatically leverage existing clicks-and-mortar web services via bricks-and-clicks technologies.<br/><br/>Rapidiously evisculate frictionless sources whereas world-class human capital. Efficiently conceptualize economically sound paradigms before highly efficient collaboration and idea-sharing. Phosfluorescently supply multidisciplinary platforms and viral collaboration and idea-sharing. Interactively fabricate open-source supply chains without alternative e-commerce. Assertively deliver e-business intellectual capital after distributed information.<br/><br/>Authoritatively innovate team driven content rather than integrated experiences. Objectively create team building metrics before multifunctional systems. Conveniently underwhelm resource maximizing process improvements with just in time platforms. Efficiently drive efficient applications and extensive opportunities. Continually embrace interactive bandwidth rather than cutting-edge experiences.<br/></p></blockquote>',	'trenova-maths1.jpg',	5000.00,	'2017-04-17 17:34:27',	5,	5,	1,	NULL,	0,	0,	5,	'ACTIVE'),
(6,	'Nursery 1 - Mathematics - Term 2',	3,	2,	2,	'Conveniently grow progressive sources without extensive value. Uniquely formulate resource maximizing potentialities whereas inexpensive web-readiness. Continually underwhelm.',	'<p><b>Phosfluorescently promote resource-leveling potentialities before multimedia based e-tailers. Credibly coordinate strategic sources before efficient meta-services. Uniquely mesh leading-edge models through best-of-breed alignments. Proactively harness impactful &#34;outside the box&#34; thinking before parallel process improvements. Appropriately benchmark parallel schemas for collaborative technologies.</b></p><p><br/></p><p>Holisticly innovate plug-and-play leadership skills for customized resources. Globally deliver seamless growth strategies via backward-compatible opportunities. Collaboratively recaptiualize premium systems and best-of-breed strategic theme areas. Competently evolve viral metrics before maintainable expertise. Seamlessly enable emerging content for user friendly products.</p><p><br/></p><blockquote><p>Efficiently simplify interdependent synergy and enterprise data. Compellingly engineer cross-platform opportunities with resource-leveling ideas. Professionally matrix equity invested internal or &#34;organic&#34; sources vis-a-vis accurate testing procedures. Proactively scale viral alignments for integrated initiatives. Efficiently target cross-platform architectures and equity invested portals.</p><p><br/></p></blockquote><p>Compellingly strategize technically sound process improvements and efficient customer service. Monotonectally formulate tactical models and open-source users. Dramatically engage superior materials with top-line materials. Completely re-engineer next-generation e-markets after mission-critical processes. Collaboratively evisculate real-time resources and orthogonal niches.</p><p><br/></p><p>Progressively matrix distributed quality vectors through orthogonal convergence. Synergistically matrix efficient processes rather than end-to-end relationships. Interactively customize emerging total linkage without flexible synergy. Quickly incubate sticky technologies whereas real-time markets. Completely negotiate worldwide data and next-generation customer service.</p>',	'trenova-maths2.jpg',	1000.00,	'2017-04-18 09:50:48',	5,	5,	0,	NULL,	0,	0,	5,	'ACTIVE'),
(7,	'Nursery 1 - Phonics - Term 3',	1,	1,	2,	'Interactively utilize sustainable mindshare through team building alignments. Professionally grow interdependent expertise rather than open-source growth strategies. Efficiently re-engineer.',	'<p><b>Interactively administrate robust information whereas frictionless functionalities. Professionally integrate superior leadership skills through ubiquitous &#34;outside the box&#34; thinking. Efficiently enhance enterprise-wide growth strategies with covalent leadership skills. Dramatically morph e-business services through business sources. Quickly plagiarize ethical e-business vis-a-vis corporate alignments.</b></p><p><br/></p><p>Distinctively strategize worldwide models after stand-alone core competencies. Monotonectally myocardinate intermandated quality vectors through distributed expertise. Phosfluorescently network client-focused users without superior schemas. Progressively exploit cutting-edge processes via 2.0 scenarios. Proactively restore out-of-the-box markets vis-a-vis high-quality outsourcing.</p><p><br/></p><p><i>Completely deploy distributed schemas without parallel e-services. Distinctively re-engineer global convergence after pandemic relationships. Enthusiastically repurpose 24/7 potentialities without enabled manufactured products. Holisticly drive resource maximizing technology with fully researched services. Seamlessly revolutionize web-enabled internal or &#34;organic&#34; sources and cross-unit infrastructures.</i></p><p><br/></p><p>Intrinsicly iterate sustainable web services rather than state of the art testing procedures. Conveniently aggregate e-business meta-services vis-a-vis viral ideas. Phosfluorescently reconceptualize visionary supply chains vis-a-vis client-focused content. Quickly iterate fully tested outsourcing whereas multidisciplinary value. Completely optimize user-centric architectures for innovative leadership.</p><p><br/></p><blockquote><p>Credibly syndicate emerging ROI after clicks-and-mortar systems. Synergistically negotiate intuitive process improvements with high standards in results. Uniquely deploy diverse applications after stand-alone infrastructures. Phosfluorescently develop timely ideas via client-based human capital. Compellingly expedite distributed technologies rather than interactive methods of empowerment.</p></blockquote>',	'phonemes_1.jpg',	1000.00,	'2017-04-18 10:11:04',	5,	5,	0,	NULL,	0,	0,	5,	'ACTIVE'),
(8,	'KG 2 - Phonics - Term 2',	2,	1,	2,	'Globally streamline fully tested alignments and leveraged imperatives. Assertively incubate client-based supply chains through.',	'<p><b>Interactively administrate robust information whereas frictionless functionalities. Professionally integrate superior leadership skills through ubiquitous &#34;outside the box&#34; thinking. Efficiently enhance enterprise-wide growth strategies with covalent leadership skills. Dramatically morph e-business services through business sources. Quickly plagiarize ethical e-business vis-a-vis corporate alignments.</b></p><p><br/></p><p>Distinctively strategize worldwide models after stand-alone core competencies. Monotonectally myocardinate intermandated quality vectors through distributed expertise. Phosfluorescently network client-focused users without superior schemas. Progressively exploit cutting-edge processes via 2.0 scenarios. Proactively restore out-of-the-box markets vis-a-vis high-quality outsourcing.</p><p><br/></p><p><i>Completely deploy distributed schemas without parallel e-services. Distinctively re-engineer global convergence after pandemic relationships. Enthusiastically repurpose 24/7 potentialities without enabled manufactured products. Holisticly drive resource maximizing technology with fully researched services. Seamlessly revolutionize web-enabled internal or &#34;organic&#34; sources and cross-unit infrastructures.</i></p><p><br/></p><p>Intrinsicly iterate sustainable web services rather than state of the art testing procedures. Conveniently aggregate e-business meta-services vis-a-vis viral ideas. Phosfluorescently reconceptualize visionary supply chains vis-a-vis client-focused content. Quickly iterate fully tested outsourcing whereas multidisciplinary value. Completely optimize user-centric architectures for innovative leadership.</p><p><br/></p><blockquote><p>Credibly syndicate emerging ROI after clicks-and-mortar systems. Synergistically negotiate intuitive process improvements with high standards in results. Uniquely deploy diverse applications after stand-alone infrastructures. Phosfluorescently develop timely ideas via client-based human capital. Compellingly expedite distributed technologies rather than interactive methods of empowerment.</p></blockquote>',	'phonics.png',	1000.00,	'2017-04-18 10:17:09',	5,	5,	0,	NULL,	0,	0,	5,	'ACTIVE'),
(9,	'Nursery 2 - Phonics - Term 2',	4,	1,	2,	'Globally streamline fully tested alignments and leveraged imperatives. Assertively incubate client-based supply chains through.',	'<p><b>Appropriately revolutionize functional deliverables with turnkey ROI. Rapidiously coordinate highly efficient partnerships for visionary methodologies. Intrinsicly embrace impactful intellectual capital vis-a-vis top-line e-services. Enthusiastically whiteboard inexpensive infomediaries vis-a-vis interoperable technologies. Compellingly disintermediate integrated paradigms via mission-critical vortals.</b></p><p><br/></p><p><i>Monotonectally syndicate go forward ROI vis-a-vis fully tested channels. Distinctively incentivize turnkey process improvements with maintainable leadership. Rapidiously matrix innovative e-business vis-a-vis goal-oriented information. Distinctively transition business outsourcing via inexpensive intellectual capital. Appropriately iterate sticky systems whereas virtual testing procedures.</i></p><p><br/></p><blockquote><p>Globally streamline 24/7 growth strategies whereas wireless solutions. Progressively synthesize one-to-one applications without standardized materials. Authoritatively facilitate clicks-and-mortar e-business before client-based vortals. Progressively foster cooperative catalysts for change with go forward mindshare. Dynamically grow out-of-the-box markets through alternative e-services.</p><p><br/></p></blockquote><p>Holisticly whiteboard premier testing procedures rather than team building metrics. Authoritatively communicate progressive platforms without 24/7 imperatives. Proactively network cross functional e-commerce via focused infrastructures. Professionally transition sustainable customer service without technically sound value. Credibly leverage existing quality models vis-a-vis effective services.</p>',	'nur2.jpg',	1000.00,	'2017-04-18 10:31:14',	5,	5,	0,	NULL,	0,	0,	5,	'ACTIVE'),
(10,	'Primary 1 - Phonics - Term 1',	5,	1,	1,	'Enthusiastically visualize alternative meta-services after stand-alone action items. Assertively seize synergistic alignments through timely leadership skills. Completely envisioneer cross-media.',	'<p><b>Appropriately revolutionize functional deliverables with turnkey ROI. Rapidiously coordinate highly efficient partnerships for visionary methodologies. Intrinsicly embrace impactful intellectual capital vis-a-vis top-line e-services. Enthusiastically whiteboard inexpensive infomediaries vis-a-vis interoperable technologies. Compellingly disintermediate integrated paradigms via mission-critical vortals.</b></p><p><br/></p><p>Monotonectally syndicate go forward ROI vis-a-vis fully tested channels. Distinctively incentivize turnkey process improvements with maintainable leadership. Rapidiously matrix innovative e-business vis-a-vis goal-oriented information. Distinctively transition business outsourcing via inexpensive intellectual capital. Appropriately iterate sticky systems whereas virtual testing procedures.</p><p><br/></p><blockquote><p>Globally streamline 24/7 growth strategies whereas wireless solutions. Progressively synthesize one-to-one applications without standardized materials. Authoritatively facilitate clicks-and-mortar e-business before client-based vortals. Progressively foster cooperative catalysts for change with go forward mindshare. Dynamically grow out-of-the-box markets through alternative e-services.</p><p><br/></p></blockquote><p>Holisticly whiteboard premier testing procedures rather than team building metrics. Authoritatively communicate progressive platforms without 24/7 imperatives. Proactively network cross functional e-commerce via focused infrastructures. Professionally transition sustainable customer service without technically sound value. Credibly leverage existing quality models vis-a-vis effective services.</p>',	'images (1).jpg',	1000.00,	'2017-04-18 10:33:30',	5,	5,	0,	NULL,	0,	0,	5,	'ACTIVE'),
(11,	'Primary 2 - Phonics - Term 2',	6,	1,	2,	'Enthusiastically visualize alternative meta-services after stand-alone action items. Assertively seize synergistic alignments through timely leadership skills. Completely envisioneer cross-media.',	'<p><b>Collaboratively parallel task parallel services whereas out-of-the-box schemas. Globally disintermediate interoperable &#34;outside the box&#34; thinking before value-added supply chains. Authoritatively re-engineer bricks-and-clicks models rather than backend infrastructures. Objectively deliver resource sucking alignments before transparent opportunities. Compellingly grow customized potentialities via standardized e-business.</b></p><p><br/></p><blockquote><p>Completely communicate low-risk high-yield e-business via leveraged leadership skills. Dramatically envisioneer magnetic meta-services whereas reliable resources. Intrinsicly communicate cross functional solutions whereas cross-platform data. Completely morph leveraged channels before cross-unit technology. Completely mesh synergistic customer service after client-focused web-readiness.</p></blockquote>',	'phonics_sounds.jpg',	1000.00,	'2017-04-18 10:36:11',	5,	5,	0,	NULL,	0,	0,	5,	'ACTIVE'),
(12,	'Primary 3 - Phonics - Term 3',	7,	1,	3,	'Collaboratively parallel task parallel services whereas out-of-the-box schemas. Globally disintermediate interoperable \"outside the box\" thinking before value-added supply chains. Authoritatively re-engineer bricks-and-clicks models rather than backend infrastructures. Objectively deliver resource sucking alignments before transparent opportunities. Compellingly grow customized potentialities via standardized e-business.',	'<p><b><i>Collaboratively parallel task parallel services whereas out-of-the-box schemas. Globally disintermediate interoperable &#34;outside the box&#34; thinking before value-added supply chains. Authoritatively re-engineer bricks-and-clicks models rather than backend infrastructures. Objectively deliver resource sucking alignments before transparent opportunities. Compellingly grow customized potentialities via standardized e-business.</i></b></p><p><i><br/></i></p><p><i>Completely communicate low-risk high-yield e-business via leveraged leadership skills. Dramatically envisioneer magnetic meta-services whereas reliable resources. Intrinsicly communicate cross functional solutions whereas cross-platform data. Completely morph leveraged channels before cross-unit technology. Completely mesh synergistic customer service after client-focused web-readiness.</i></p>',	'SAMPLED.png',	1000.00,	'2017-04-18 10:41:44',	5,	5,	0,	NULL,	0,	0,	5,	'ACTIVE'),
(13,	'Primary 4 - Phonics - Term 1',	8,	1,	1,	'Completely communicate low-risk high-yield e-business via leveraged leadership skills. Dramatically envisioneer magnetic meta-services whereas reliable resources. Intrinsicly communicate cross functional solutions whereas cross-platform data.',	'<p><b>Collaboratively parallel task parallel services whereas out-of-the-box schemas. Globally disintermediate interoperable &#34;outside the box&#34; thinking before value-added supply chains. Authoritatively re-engineer bricks-and-clicks models rather than backend infrastructures. Objectively deliver resource sucking alignments before transparent opportunities. Compellingly grow customized potentialities via standardized e-business.</b></p><p><br/></p><blockquote><p>Completely communicate low-risk high-yield e-business via leveraged leadership skills. Dramatically envisioneer magnetic meta-services whereas reliable resources. Intrinsicly communicate cross functional solutions whereas cross-platform data. Completely morph leveraged channels before cross-unit technology. Completely mesh synergistic customer service after client-focused web-readiness.</p></blockquote>',	'download (1).jpg',	1000.00,	'2017-04-18 10:44:42',	5,	5,	0,	NULL,	0,	0,	5,	'ACTIVE'),
(14,	'Primary 5 & 6 - Phonics - Term 2',	9,	1,	2,	'Completely morph leveraged channels before cross-unit technology. Completely mesh synergistic customer service after client-focused web-readiness.',	'<p><b>Collaboratively parallel task parallel services whereas out-of-the-box schemas. Globally disintermediate interoperable &#34;outside the box&#34; thinking before value-added supply chains. Authoritatively re-engineer bricks-and-clicks models rather than backend infrastructures. Objectively deliver resource sucking alignments before transparent opportunities. Compellingly grow customized potentialities via standardized e-business.</b></p><p><br/></p><blockquote><p>Completely communicate low-risk high-yield e-business via leveraged leadership skills. Dramatically envisioneer magnetic meta-services whereas reliable resources. Intrinsicly communicate cross functional solutions whereas cross-platform data. Completely morph leveraged channels before cross-unit technology. Completely mesh synergistic customer service after client-focused web-readiness.</p></blockquote>',	'518hH2uBBkL.jpg',	1000.00,	'2017-04-18 10:47:37',	5,	5,	0,	NULL,	0,	0,	5,	'ACTIVE'),
(15,	'KG 2 - Mathematics - Term 2',	2,	2,	2,	'Dynamically leverage other\'s seamless technologies without vertical infomediaries. Credibly disseminate fully tested processes before user friendly total linkage. Efficiently aggregate holistic potentialities after integrated processes.',	'<p><b>Dynamically leverage other\'s seamless technologies without vertical infomediaries. Credibly disseminate fully tested processes before user friendly total linkage. Efficiently aggregate holistic potentialities after integrated processes. Competently extend goal-oriented total linkage and tactical channels. Interactively supply user-centric opportunities before flexible technologies.</b></p><p><br/></p><blockquote><p>Uniquely enhance 24/7 data vis-a-vis prospective products. Credibly incubate premium applications whereas parallel communities. Uniquely disintermediate out-of-the-box customer service via quality deliverables. Intrinsicly re-engineer focused processes after optimal niches. Appropriately engineer client-focused opportunities through one-to-one resources.</p></blockquote>',	'_original.jpg',	1000.00,	'2017-04-18 11:57:59',	5,	5,	0,	NULL,	0,	0,	5,	'ACTIVE'),
(16,	'Nursery 1 - Mathematics - Term 1',	3,	2,	1,	'Uniquely enhance 24/7 data vis-a-vis prospective products. Credibly incubate premium applications whereas parallel communities.',	'<p><b>Dynamically leverage other\'s seamless technologies without vertical infomediaries. Credibly disseminate fully tested processes before user friendly total linkage. Efficiently aggregate holistic potentialities after integrated processes. Competently extend goal-oriented total linkage and tactical channels. Interactively supply user-centric opportunities before flexible technologies.</b></p><p><br/></p><blockquote><p>Uniquely enhance 24/7 data vis-a-vis prospective products. Credibly incubate premium applications whereas parallel communities. Uniquely disintermediate out-of-the-box customer service via quality deliverables. Intrinsicly re-engineer focused processes after optimal niches. Appropriately engineer client-focused opportunities through one-to-one resources.</p></blockquote>',	'shutterstock-173272112-390x285.jpg',	1000.00,	'2017-04-18 12:03:32',	5,	5,	0,	NULL,	0,	0,	5,	'ACTIVE'),
(17,	'Primary 1 - Mathematics - Term 3',	5,	2,	3,	'Uniquely disintermediate out-of-the-box customer service via quality deliverables. Intrinsicly re-engineer focused processes after optimal niches. Appropriately engineer client-focused opportunities through one-to-one resources.',	'<p><b>Dynamically leverage other\'s seamless technologies without vertical infomediaries. Credibly disseminate fully tested processes before user friendly total linkage. Efficiently aggregate holistic potentialities after integrated processes. Competently extend goal-oriented total linkage and tactical channels. Interactively supply user-centric opportunities before flexible technologies.</b></p><p><br/></p><p><i>Uniquely enhance 24/7 data vis-a-vis prospective products. Credibly incubate premium applications whereas parallel communities. Uniquely disintermediate out-of-the-box customer service via quality deliverables. Intrinsicly re-engineer focused processes after optimal niches. Appropriately engineer client-focused opportunities through one-to-one resources.</i></p>',	'screen480x480.jpeg',	1000.00,	'2017-04-18 12:08:24',	5,	5,	0,	NULL,	0,	0,	5,	'ACTIVE'),
(18,	'Primary 2 - Mathematics - Term 2',	6,	2,	2,	'Competently extend goal-oriented total linkage and tactical channels. Interactively supply user-centric opportunities before flexible technologies.',	'<p><b>Dynamically leverage other\'s seamless technologies without vertical infomediaries. Credibly disseminate fully tested processes before user friendly total linkage. Efficiently aggregate holistic potentialities after integrated processes. Competently extend goal-oriented total linkage and tactical channels. Interactively supply user-centric opportunities before flexible technologies.</b></p><p><br/></p><blockquote><p>Uniquely enhance 24/7 data vis-a-vis prospective products. Credibly incubate premium applications whereas parallel communities. Uniquely disintermediate out-of-the-box customer service via quality deliverables. Intrinsicly re-engineer focused processes after optimal niches. Appropriately engineer client-focused opportunities through one-to-one resources.</p></blockquote>',	'unnamed.png',	1000.00,	'2017-04-18 12:12:26',	5,	5,	0,	NULL,	0,	0,	5,	'ACTIVE'),
(19,	'Primary 3 - Mathematics - Term 3',	7,	2,	3,	'Dynamically leverage other\'s seamless technologies without vertical infomediaries. Credibly disseminate fully tested processes before user friendly total linkage. Efficiently aggregate holistic potentialities after integrated processes.',	'<p><b>Dynamically leverage other\'s seamless technologies without vertical infomediaries. Credibly disseminate fully tested processes before user friendly total linkage. Efficiently aggregate holistic potentialities after integrated processes. Competently extend goal-oriented total linkage and tactical channels. Interactively supply user-centric opportunities before flexible technologies.</b></p><p><br/></p><blockquote><p>Uniquely enhance 24/7 data vis-a-vis prospective products. Credibly incubate premium applications whereas parallel communities. Uniquely disintermediate out-of-the-box customer service via quality deliverables. Intrinsicly re-engineer focused processes after optimal niches. Appropriately engineer client-focused opportunities through one-to-one resources.</p></blockquote>',	'unnamed (1).png',	1000.00,	'2017-04-18 12:21:10',	5,	5,	0,	NULL,	0,	0,	5,	'ACTIVE'),
(20,	'Primary 4 - Mathematics - Term 2',	8,	2,	2,	'Uniquely disintermediate out-of-the-box customer service via quality deliverables. Intrinsicly re-engineer focused processes after optimal niches. Appropriately engineer client-focused opportunities through one-to-one resources.',	'<p><b>Dynamically leverage other\'s seamless technologies without vertical infomediaries. Credibly disseminate fully tested processes before user friendly total linkage. Efficiently aggregate holistic potentialities after integrated processes. Competently extend goal-oriented total linkage and tactical channels. Interactively supply user-centric opportunities before flexible technologies.</b></p><p><br/></p><blockquote><p>Uniquely enhance 24/7 data vis-a-vis prospective products. Credibly incubate premium applications whereas parallel communities. Uniquely disintermediate out-of-the-box customer service via quality deliverables. Intrinsicly re-engineer focused processes after optimal niches. Appropriately engineer client-focused opportunities through one-to-one resources.</p><p><br/></p><p><i>Dynamically leverage other\'s seamless technologies without vertical infomediaries. Credibly disseminate fully tested processes before user friendly total linkage. Efficiently aggregate holistic potentialities after integrated processes. Competently extend goal-oriented total linkage and tactical channels. Interactively supply user-centric opportunities before flexible technologies.</i></p></blockquote>',	'maths-ftr-1024x640.jpg',	1000.00,	'2017-04-18 12:28:44',	5,	5,	0,	NULL,	0,	0,	5,	'ACTIVE'),
(21,	'Primary 5 & 6 - Mathematics - Term 1',	9,	2,	1,	'Uniquely disintermediate out-of-the-box customer service via quality deliverables. Intrinsicly re-engineer focused processes after optimal niches. Appropriately engineer client-focused opportunities through one-to-one resources.',	'<p><b>Dynamically leverage other\'s seamless technologies without vertical infomediaries. Credibly disseminate fully tested processes before user friendly total linkage. Efficiently aggregate holistic potentialities after integrated processes. Competently extend goal-oriented total linkage and tactical channels. Interactively supply user-centric opportunities before flexible technologies.</b></p><p><br/></p><blockquote><p>Uniquely enhance 24/7 data vis-a-vis prospective products. Credibly incubate premium applications whereas parallel communities. Uniquely disintermediate out-of-the-box customer service via quality deliverables. Intrinsicly re-engineer focused processes after optimal niches. Appropriately engineer client-focused opportunities through one-to-one resources.</p></blockquote>',	'2e28bb7acc0fe69be0ff1f66a3836b28.jpg',	1000.00,	'2017-04-18 12:32:01',	5,	5,	0,	NULL,	0,	0,	5,	'ACTIVE'),
(22,	'JSS 1 - Diction/Phonetics - Term 1',	10,	3,	1,	'Competently extend goal-oriented total linkage and tactical channels. Interactively supply user-centric opportunities before flexible technologies.',	'<p><b>Dynamically leverage other\'s seamless technologies without vertical infomediaries. Credibly disseminate fully tested processes before user friendly total linkage. Efficiently aggregate holistic potentialities after integrated processes. Competently extend goal-oriented total linkage and tactical channels. Interactively supply user-centric opportunities before flexible technologies.</b></p><p><br/></p><p><i>Uniquely enhance 24/7 data vis-a-vis prospective products. Credibly incubate premium applications whereas parallel communities. Uniquely disintermediate out-of-the-box customer service via quality deliverables. Intrinsicly re-engineer focused processes after optimal niches. Appropriately engineer client-focused opportunities through one-to-one resources.</i></p>',	'phoneme_chart.png',	1000.00,	'2017-04-18 12:41:33',	5,	5,	0,	NULL,	0,	0,	5,	'ACTIVE'),
(23,	'JSS 2 - Diction/Phonetics - Term 2',	11,	3,	2,	'Intrinsicly re-engineer focused processes after optimal niches. Appropriately engineer client-focused opportunities through one-to-one resources.',	'<p><b>Dynamically leverage other\'s seamless technologies without vertical infomediaries. Credibly disseminate fully tested processes before user friendly total linkage. Efficiently aggregate holistic potentialities after integrated processes. Competently extend goal-oriented total linkage and tactical channels. Interactively supply user-centric opportunities before flexible technologies.</b></p><p><br/></p><blockquote><p>Uniquely enhance 24/7 data vis-a-vis prospective products. Credibly incubate premium applications whereas parallel communities. Uniquely disintermediate out-of-the-box customer service via quality deliverables. Intrinsicly re-engineer focused processes after optimal niches. Appropriately engineer client-focused opportunities through one-to-one resources.</p></blockquote>',	'phonemes_1 (1).jpg',	1000.00,	'2017-04-18 12:43:32',	5,	5,	0,	NULL,	0,	0,	5,	'ACTIVE'),
(24,	'SSS 3 - Mathematics - Term 2',	18,	2,	2,	'Continually benchmark holistic strategic theme areas vis-a-vis high-payoff niche markets. Objectively expedite robust imperatives.',	'<p><b><i><u>Uniquely network qual</u></i></b>ity convergence and adaptive scenarios. Collaboratively scale cross-platform technology whereas optimal imperatives. Uniquely maximize turnkey imperatives before strategic synergy. Credibly envisioneer one-to-one methodologies and multidisciplinary e-tailers. Uniquely envisioneer state of the art action items with cross-media applications.</p><p><br/></p><blockquote><p>Assertively implement efficient schemas after B2C customer service. Continually utilize top-line relationships and real-time synergy. Completely drive efficient testing procedures for multifunctional intellectual capital. Competently harness strategic applications via technically sound users. Holisticly parallel task covalent ROI before cross-media strategic theme areas.</p></blockquote>',	'trenova-maths3.jpg',	1000.00,	'2017-04-18 14:46:45',	5,	5,	1,	NULL,	0,	0,	5,	'ACTIVE'),
(25,	'Basic Stage-Phonics-Section-2',	12,	1,	2,	'Synergistically network collaborative applications without frictionless channels. Quickly syndicate covalent process improvements without cross-media manufactured products. Monotonectally promote goal-oriented supply chains through distributed methods of empowerment. Dramatically.',	'<p>Synergistically network collaborative applications without frictionless channels. Quickly syndicate covalent process improvements without cross-media manufactured products. Monotonectally promote goal-oriented supply chains through distributed methods of empowerment. Dramatically.Synergistically network collaborative applications without frictionless channels. Quickly syndicate covalent process improvements without cross-media manufactured products. Monotonectally promote goal-oriented supply chains through distributed methods of empowerment. Dramatically.</p><p><br/></p><p>Synergistically network collaborative applications without frictionless channels. Quickly syndicate covalent process improvements without cross-media manufactured products. Monotonectally promote goal-oriented supply chains through distributed methods of empowerment. Dramatically.</p>',	'dsm-depot-ovevrlaid.jpg',	5000.00,	'2017-06-02 13:52:09',	5,	5,	1,	NULL,	0,	0,	15,	'ACTIVE');

CREATE TABLE `course_bundle` (
  `bdl_id` int(11) NOT NULL AUTO_INCREMENT,
  `bdl_name` varchar(100) NOT NULL,
  `bdl_description` varchar(500) NOT NULL,
  `bdl_type` enum('CUSTOM','TERM','CLASS','YEAR') NOT NULL,
  `bdl_price` double(10,2) NOT NULL,
  `bdl_created_by` int(11) NOT NULL DEFAULT '0',
  `bdl_creator` varchar(50) NOT NULL,
  `bdl_date_created` date NOT NULL,
  `bdl_is_disabled` int(1) NOT NULL DEFAULT '0',
  PRIMARY KEY (`bdl_id`),
  KEY `bdl_created_by` (`bdl_created_by`)
) ENGINE=InnoDB DEFAULT CHARSET=latin1;


CREATE TABLE `course_bundle_item` (
  `cbi_bundle_id` int(11) NOT NULL,
  `cbi_course_id` int(11) NOT NULL,
  PRIMARY KEY (`cbi_bundle_id`,`cbi_course_id`),
  KEY `cbi_course_id` (`cbi_course_id`),
  CONSTRAINT `course_bundle_item_ibfk_1` FOREIGN KEY (`cbi_bundle_id`) REFERENCES `course_bundle` (`bdl_id`) ON DELETE CASCADE,
  CONSTRAINT `course_bundle_item_ibfk_2` FOREIGN KEY (`cbi_course_id`) REFERENCES `course` (`course_id`) ON DELETE CASCADE
) ENGINE=InnoDB DEFAULT CHARSET=latin1;


CREATE TABLE `course_credit` (
  `cc_id` int(11) NOT NULL AUTO_INCREMENT,
  `cc_agent_id` int(11) NOT NULL,
  `cc_course_id` int(11) NOT NULL,
  `cc_code` varchar(12) NOT NULL,
  `cc_date_purchased` date NOT NULL,
  `cc_status` enum('USED','UNUSED') NOT NULL DEFAULT 'UNUSED',
  `cc_user_id` int(11) DEFAULT NULL,
  `cc_used_date` date DEFAULT NULL,
  `cc_order_id` int(11) NOT NULL,
  PRIMARY KEY (`cc_id`)
) ENGINE=InnoDB DEFAULT CHARSET=latin1;

INSERT INTO `course_credit` (`cc_id`, `cc_agent_id`, `cc_course_id`, `cc_code`, `cc_date_purchased`, `cc_status`, `cc_user_id`, `cc_used_date`, `cc_order_id`) VALUES
(1,	2,	14,	'XEbZ8YkqTqhm',	'2017-04-18',	'UNUSED',	NULL,	NULL,	1),
(2,	2,	14,	'wa4GUwPN7hDn',	'2017-04-18',	'UNUSED',	NULL,	NULL,	1),
(3,	2,	14,	'eUq1hya43bS2',	'2017-04-18',	'UNUSED',	NULL,	NULL,	1),
(4,	2,	14,	'03iKjpXGqRcb',	'2017-04-18',	'UNUSED',	NULL,	NULL,	1),
(5,	2,	14,	'eSPc0iq54HWb',	'2017-04-18',	'UNUSED',	NULL,	NULL,	1),
(6,	2,	14,	'6X50ZNROG0oQ',	'2017-04-18',	'UNUSED',	NULL,	NULL,	1),
(7,	2,	14,	'gcnxUpzZ9e20',	'2017-04-18',	'UNUSED',	NULL,	NULL,	1),
(8,	2,	14,	'niUhQHiMteDi',	'2017-04-18',	'UNUSED',	NULL,	NULL,	1),
(9,	2,	14,	'RkYobd6igjG1',	'2017-04-18',	'UNUSED',	NULL,	NULL,	1),
(10,	2,	14,	'A5QAaIpoRbwy',	'2017-04-18',	'UNUSED',	NULL,	NULL,	1),
(11,	2,	8,	'7Oq71rzAbqO7',	'2017-04-18',	'UNUSED',	NULL,	NULL,	2),
(12,	2,	8,	'QxfWi5R1mxTY',	'2017-04-18',	'UNUSED',	NULL,	NULL,	2),
(13,	2,	8,	'aWMAORrMwJJm',	'2017-04-18',	'UNUSED',	NULL,	NULL,	2),
(14,	2,	8,	'19M2pq07O5TX',	'2017-04-18',	'UNUSED',	NULL,	NULL,	2),
(15,	2,	8,	'0BOdYz1ZkEp0',	'2017-04-18',	'UNUSED',	NULL,	NULL,	2),
(16,	2,	8,	'lHCHgcU7bx0r',	'2017-04-18',	'UNUSED',	NULL,	NULL,	2),
(17,	2,	8,	'OPptK9hBBWEo',	'2017-04-18',	'UNUSED',	NULL,	NULL,	2),
(18,	2,	8,	'lwew0tlb2OJ8',	'2017-04-18',	'UNUSED',	NULL,	NULL,	2),
(19,	2,	8,	'Ru6TSWcyBrRc',	'2017-04-18',	'UNUSED',	NULL,	NULL,	2),
(20,	2,	8,	'qZDRL87Xtcik',	'2017-04-18',	'UNUSED',	NULL,	NULL,	2),
(21,	2,	8,	'wumnaXmRhiC0',	'2017-04-18',	'UNUSED',	NULL,	NULL,	2),
(22,	2,	8,	'4EowW6ycW2Ux',	'2017-04-18',	'UNUSED',	NULL,	NULL,	2),
(23,	2,	8,	'1SjkUsugOIuO',	'2017-04-18',	'UNUSED',	NULL,	NULL,	2),
(24,	2,	8,	'uIxCR0sLtH8f',	'2017-04-18',	'UNUSED',	NULL,	NULL,	2),
(25,	2,	8,	'Exipp4MgMXqx',	'2017-04-18',	'UNUSED',	NULL,	NULL,	2),
(26,	2,	21,	'KjMOelk7FjWj',	'2017-04-18',	'UNUSED',	NULL,	NULL,	3),
(27,	2,	21,	'OdltdUxDLuWg',	'2017-04-18',	'UNUSED',	NULL,	NULL,	3),
(28,	2,	21,	'z5X4RdhsmU8q',	'2017-04-18',	'UNUSED',	NULL,	NULL,	3),
(29,	2,	21,	'7ioCraL6eYqh',	'2017-04-18',	'UNUSED',	NULL,	NULL,	3),
(30,	2,	21,	'INLj8xqyrdra',	'2017-04-18',	'UNUSED',	NULL,	NULL,	3),
(31,	2,	21,	'hAstkqKhz0JR',	'2017-04-18',	'UNUSED',	NULL,	NULL,	3),
(32,	2,	21,	'0lO495cIJNRI',	'2017-04-18',	'UNUSED',	NULL,	NULL,	3),
(33,	2,	21,	'b97sdotkOME0',	'2017-04-18',	'UNUSED',	NULL,	NULL,	3),
(34,	2,	21,	'4f7s5HbWSPQS',	'2017-04-18',	'UNUSED',	NULL,	NULL,	3),
(35,	2,	21,	'LSqlx9Uy8RRc',	'2017-04-18',	'UNUSED',	NULL,	NULL,	3),
(36,	2,	21,	'6cmLORBIXz2S',	'2017-04-18',	'UNUSED',	NULL,	NULL,	3),
(37,	2,	21,	'63EPJlzl5Pxs',	'2017-04-18',	'UNUSED',	NULL,	NULL,	3),
(38,	2,	21,	'PhQNZzPWB3yg',	'2017-04-18',	'UNUSED',	NULL,	NULL,	3),
(39,	2,	21,	'KZPyoHglBL1b',	'2017-04-18',	'UNUSED',	NULL,	NULL,	3),
(40,	2,	21,	'XpmS6KbLRSpH',	'2017-04-18',	'UNUSED',	NULL,	NULL,	3),
(41,	2,	21,	'i6tKZRQAHwYW',	'2017-04-18',	'UNUSED',	NULL,	NULL,	3),
(42,	2,	21,	'458wH0xufJdc',	'2017-04-18',	'UNUSED',	NULL,	NULL,	3),
(43,	2,	21,	'jeO2X4A51TFP',	'2017-04-18',	'UNUSED',	NULL,	NULL,	3),
(44,	2,	21,	'Cmg9J4WD0UZx',	'2017-04-18',	'UNUSED',	NULL,	NULL,	3),
(45,	2,	21,	'KmRQXUS6ZxZM',	'2017-04-18',	'UNUSED',	NULL,	NULL,	3),
(46,	2,	21,	'roIi9dZBq6B0',	'2017-04-18',	'UNUSED',	NULL,	NULL,	3),
(47,	2,	21,	'0ntQ8jdIwUpi',	'2017-04-18',	'UNUSED',	NULL,	NULL,	3),
(48,	2,	21,	'F8fuw48OjGYi',	'2017-04-18',	'UNUSED',	NULL,	NULL,	3),
(49,	2,	21,	'KNK1JcRApbgo',	'2017-04-18',	'UNUSED',	NULL,	NULL,	3),
(50,	2,	21,	'kjYH4dQAcWWz',	'2017-04-18',	'UNUSED',	NULL,	NULL,	3);

CREATE TABLE `course_lesson` (
  `less_id` int(11) NOT NULL AUTO_INCREMENT,
  `less_number` tinyint(4) NOT NULL,
  `less_title` varchar(100) NOT NULL,
  `less_course_id` int(11) NOT NULL,
  `less_content` text NOT NULL,
  `less_video` varchar(100) DEFAULT NULL,
  `less_image` varchar(100) DEFAULT NULL,
  `less_audio` varchar(100) DEFAULT NULL,
  PRIMARY KEY (`less_id`),
  KEY `less_course_id` (`less_course_id`),
  CONSTRAINT `course_lesson_ibfk_1` FOREIGN KEY (`less_course_id`) REFERENCES `course` (`course_id`) ON DELETE CASCADE
) ENGINE=InnoDB DEFAULT CHARSET=latin1;

INSERT INTO `course_lesson` (`less_id`, `less_number`, `less_title`, `less_course_id`, `less_content`, `less_video`, `less_image`, `less_audio`) VALUES
(1,	1,	'Lesson 1',	2,	'Dynamically envisioneer team driven expertise before vertical products. Appropriately deploy extensive intellectual capital after client-centered e-services. Dramatically maximize client-based leadership whereas inexpensive testing procedures. Compellingly leverage.',	'arole-test.mp4',	NULL,	NULL),
(4,	2,	'Lesson 2',	2,	'Conveniently incentivize inexpensive intellectual capital vis-a-vis empowered niche markets. Phosfluorescently morph client-centered processes for cross functional infrastructures.',	'arole-test.mp4',	NULL,	NULL),
(5,	3,	'Lesson 3',	2,	'Appropriately matrix sticky imperatives with stand-alone growth strategies. Energistically deliver ubiquitous alignments whereas multidisciplinary portals. Energistically plagiarize.',	'arole-test.mp4',	NULL,	NULL),
(6,	4,	'Lesson 4',	2,	'Dynamically generate enabled human capital rather than bleeding-edge \"outside the box\" thinking. Credibly pursue fully researched users.',	'arole-test.mp4',	NULL,	NULL),
(7,	1,	'Lesson 1',	4,	'Lesson 1',	'arole-test.mp4',	NULL,	NULL),
(8,	2,	'Lesson 2',	4,	'Lesson 2',	'arole-test.mp4',	NULL,	NULL),
(9,	1,	'Lesson 1',	5,	'lesson 1',	'arole-test.mp4',	NULL,	NULL),
(10,	2,	'Lesson 2',	5,	'lesson 2',	'arole-test.mp4',	NULL,	NULL),
(11,	3,	'Lesson 3',	5,	'lesson 3',	'arole-test.mp4',	NULL,	NULL),
(12,	1,	'Lesson 1',	3,	'lesson 1',	'arole-test.mp4',	NULL,	NULL),
(13,	2,	'Lesson 2',	3,	'lesson 2',	'arole-test.mp4',	NULL,	NULL),
(14,	1,	'Class 1',	1,	'class 1',	'arole-test.mp4',	NULL,	NULL),
(15,	2,	'Class 2',	1,	'class 2 content',	'arole-test.mp4',	NULL,	NULL),
(16,	1,	'Lesson 1',	6,	'lesson 1 content',	'arole-test.mp4',	NULL,	NULL),
(17,	2,	'Lesson 2',	6,	'Lesson 2 content',	'arole-test.mp4',	NULL,	NULL),
(18,	3,	'Lesson 3',	6,	'Lesson 3 content',	'arole-test.mp4',	NULL,	NULL),
(19,	1,	'Lesson 1',	8,	'Lesson content',	'arole-test.mp4',	NULL,	NULL),
(20,	2,	'Lesson 2',	8,	'Lesson Content',	'arole-test.mp4',	NULL,	NULL),
(21,	3,	'Lesson 3',	8,	'Lesson Content',	'arole-test.mp4',	NULL,	NULL),
(22,	3,	'Lesson 3',	3,	'Lesson Content',	'arole-test.mp4',	NULL,	NULL),
(23,	1,	'Lesson 1',	7,	'Lesson Content',	'arole-test.mp4',	NULL,	NULL),
(24,	2,	'Lesson 2',	7,	'Lesson Content',	'arole-test.mp4',	NULL,	NULL),
(25,	3,	'Lesson 3',	7,	'Lesson Content',	'arole-test.mp4',	NULL,	NULL),
(26,	1,	'Lesson 1',	9,	'Lesson 1 Content',	'arole-test.mp4',	NULL,	NULL),
(27,	2,	'Lesson 2',	9,	'Lesson Content',	'arole-test.mp4',	NULL,	NULL),
(28,	3,	'Lesson 3',	9,	'Lesson Content',	'arole-test.mp4',	NULL,	NULL),
(29,	1,	'Lesson 1',	10,	'Lesson Content',	'arole-test.mp4',	NULL,	NULL),
(30,	2,	'Lesson 2',	10,	'Lesson Content',	'arole-test.mp4',	NULL,	NULL),
(31,	3,	'Lesson 3',	10,	'Lesson Content',	'arole-test.mp4',	NULL,	NULL),
(32,	1,	'Lesson 1',	11,	'Lesson Content',	'arole-test.mp4',	NULL,	NULL),
(33,	2,	'Lesson 2',	11,	'Lesson Content',	'arole-test.mp4',	NULL,	NULL),
(34,	3,	'Lesson 3',	11,	'Lesson Content',	'arole-test.mp4',	NULL,	NULL),
(35,	1,	'Lesson 1',	12,	'Lesson Content',	'arole-test.mp4',	NULL,	NULL),
(36,	2,	'Lesson 2',	12,	'Lesson Content',	'arole-test.mp4',	NULL,	NULL),
(37,	3,	'Lesson 3',	12,	'Lesson Content',	'arole-test.mp4',	NULL,	NULL),
(38,	1,	'Lesson 1',	13,	'Lesson Content',	'arole-test.mp4',	NULL,	NULL),
(39,	2,	'Lesson 2',	13,	'Lesson Content',	'arole-test.mp4',	NULL,	NULL),
(40,	3,	'Lesson 3',	13,	'Lesson Content',	'arole-test.mp4',	NULL,	NULL),
(41,	1,	'Lesson 2',	14,	'Lesson Content',	'arole-test.mp4',	NULL,	NULL),
(42,	1,	'Lesson 1',	14,	'Lesson Content',	'arole-test.mp4',	NULL,	NULL),
(43,	2,	'Lesson 3',	14,	'Lesson Content',	'arole-test.mp4',	NULL,	NULL),
(44,	1,	'Lesson 1',	15,	'Lesson Content',	'arole-test.mp4',	NULL,	NULL),
(45,	2,	'Lesson 2',	15,	'Lesson Content',	'arole-test.mp4',	NULL,	NULL),
(46,	3,	'Lesson 3',	15,	'Lesson Content',	'arole-test.mp4',	NULL,	NULL),
(47,	1,	'Lesson 1',	16,	'Lesson Content',	'arole-test.mp4',	NULL,	NULL),
(48,	2,	'Lesson 2',	16,	'Lesson Content',	'arole-test.mp4',	NULL,	NULL),
(49,	3,	'Lesson 3',	16,	'lesson Content',	'arole-test.mp4',	NULL,	NULL),
(50,	1,	'Lesson 1',	17,	'Lesson Content',	'arole-test.mp4',	NULL,	NULL),
(51,	2,	'Lesson 2',	17,	'Lesson Content',	'arole-test.mp4',	NULL,	NULL),
(52,	3,	'Lesson 3',	17,	'Lesson Content',	'arole-test.mp4',	NULL,	NULL),
(53,	1,	'Lesson 1',	18,	'Lesson Content',	'arole-test.mp4',	NULL,	NULL),
(54,	2,	'Lesson 2',	18,	'Lesson Content',	'arole-test.mp4',	NULL,	NULL),
(55,	3,	'Lesson 3',	18,	'Lesson Content',	'arole-test.mp4',	NULL,	NULL),
(56,	1,	'Lesson 1',	19,	'Lesson Content',	'arole-test.mp4',	NULL,	NULL),
(57,	2,	'Lesson 2',	19,	'Lesson Content',	'arole-test.mp4',	NULL,	NULL),
(58,	3,	'Lesson 3',	19,	'Lesson Content',	'arole-test.mp4',	NULL,	NULL),
(59,	1,	'Lesson 1',	20,	'Lesson Content',	'arole-test.mp4',	NULL,	NULL),
(60,	2,	'Lesson 2',	20,	'Lesson Content',	'arole-test.mp4',	NULL,	NULL),
(61,	3,	'Lesson 3',	20,	'Lesson Content',	'arole-test.mp4',	NULL,	NULL),
(62,	1,	'Lesson 1',	21,	'Lesson Content',	'arole-test.mp4',	NULL,	NULL),
(63,	2,	'Lesson 2',	21,	'Lesson Content',	'arole-test.mp4',	NULL,	NULL),
(64,	3,	'Lesson 3',	21,	'Lesson Content',	'arole-test.mp4',	NULL,	NULL),
(65,	1,	'Week 1 - Lesson 1',	24,	'lesson 1 content',	'arole-test.mp4',	NULL,	NULL),
(66,	2,	'Week 1 - Lesson 2',	24,	'lesson 2 content',	'arole-test.mp4',	NULL,	NULL),
(67,	3,	'Week 2 - Lesson 1',	24,	'Lesson content',	'arole-test.mp4',	NULL,	NULL),
(68,	5,	'Iam Kess',	2,	'Kess Contents',	'Demo__Laravel___AngularJS.mp4',	NULL,	NULL),
(69,	6,	'Video Test',	2,	'video test for video',	'Demo__Laravel___AngularJS.mp4',	NULL,	NULL),
(70,	1,	'teccher sample',	25,	'ccontent for module',	'At Ooni\'s Palace, Let us Open to the Book of His Royal Majesty, and Asiri saw a Royal Mosquito!.',	NULL,	NULL);

CREATE TABLE `course_rating` (
  `cr_id` int(11) NOT NULL AUTO_INCREMENT,
  `cr_user_id` int(11) DEFAULT NULL,
  `cr_course_id` int(11) NOT NULL,
  `cr_rating` int(11) NOT NULL,
  `cr_comment` varchar(1024) DEFAULT NULL,
  PRIMARY KEY (`cr_id`),
  KEY `cr_user_id` (`cr_user_id`),
  KEY `cr_course_id` (`cr_course_id`),
  CONSTRAINT `course_rating_ibfk_1` FOREIGN KEY (`cr_user_id`) REFERENCES `user` (`user_id`) ON DELETE SET NULL,
  CONSTRAINT `course_rating_ibfk_2` FOREIGN KEY (`cr_course_id`) REFERENCES `course` (`course_id`) ON DELETE CASCADE
) ENGINE=InnoDB DEFAULT CHARSET=latin1;

INSERT INTO `course_rating` (`cr_id`, `cr_user_id`, `cr_course_id`, `cr_rating`, `cr_comment`) VALUES
(1,	1,	1,	5,	'Perfect'),
(2,	2,	2,	5,	'Impeccable'),
(3,	14,	1,	4,	'Cool'),
(4,	14,	4,	5,	''),
(5,	14,	5,	4,	''),
(6,	14,	2,	4,	'This is good');

CREATE TABLE `discount_formula` (
  `df_id` int(11) NOT NULL AUTO_INCREMENT,
  `df_min` int(11) NOT NULL,
  `df_discounts` int(11) NOT NULL,
  PRIMARY KEY (`df_id`)
) ENGINE=InnoDB DEFAULT CHARSET=latin1;

INSERT INTO `discount_formula` (`df_id`, `df_min`, `df_discounts`) VALUES
(7,	21,	5),
(8,	41,	10),
(9,	61,	15);

CREATE TABLE `feedback` (
  `fd_id` int(11) NOT NULL AUTO_INCREMENT,
  `fd_user_id` int(11) NOT NULL,
  `fd_message` varchar(500) NOT NULL,
  `fd_topic` varchar(100) NOT NULL,
  `fd_date` date NOT NULL,
  `fd_status` enum('PENDING','SEEN') NOT NULL DEFAULT 'PENDING',
  PRIMARY KEY (`fd_id`)
) ENGINE=InnoDB DEFAULT CHARSET=latin1;

INSERT INTO `feedback` (`fd_id`, `fd_user_id`, `fd_message`, `fd_topic`, `fd_date`, `fd_status`) VALUES
(1,	1,	'Progressively leverage other\'s out-of-the-box technology before ethical catalysts for change. Proact',	'Progressively leverage other\'s out-of-the-box tech',	'2017-03-24',	'SEEN'),
(2,	2,	'Efficiently network functional communities through go forward users. Seamlessly implement reliable p',	'Interactively fabricate transparent metrics vis-a-',	'2017-03-24',	'SEEN'),
(3,	4,	'Completely plagiarize wireless e-markets whereas principle-centered leadership. Proactively engineer one-to-one catalysts for change before premier infomediaries. Assertively strategize future-proof methodologies without principle-centered opportunities. Assertively transform user-centric partnerships after vertical niche markets. Continually streamline high-quality sources with user-centric architectures.',	'Collaboratively orchestrate installed base manufactured products with.',	'2017-03-29',	'SEEN'),
(4,	3,	'Phosfluorescently productivate optimal partnerships and 24/7 materials. Intrinsicly productivate functionalized sources after plug-and-play mindshare. Holisticly build cross-media ideas and proactive e-tailers. Dramatically strategize timely data via enterprise data. Distinctively strategize multidisciplinary vortals after 24/365 e-tailers.',	'Dynamically network best-of-breed process improvements vis-a-vis.',	'2017-03-31',	'SEEN'),
(5,	5,	'Phosfluorescently repurpose alternative internal or \"organic\" sources and emerging products. Authoritatively exploit backend mindshare via interactive vortals. Objectively build professional schemas whereas resource sucking manufactured products. Synergistically architect inexpensive communities with 2.0 growth strategies. Seamlessly implement technically sound collaboration and.',	'Intrinsicly repurpose user-centric convergence after.',	'2017-03-29',	'SEEN'),
(6,	6,	'Appropriately morph error-free synergy whereas magnetic deliverables. Completely plagiarize synergistic materials after proactive e-tailers. Quickly mesh quality imperatives whereas tactical metrics. Progressively incentivize future-proof paradigms via tactical results. Rapidiously redefine client-based architectures before seamless ROI.\r\n\r\nAuthoritatively recaptiualize client-centric systems and enterprise internal or \"organic\" sources. Conveniently aggregate.',	'Assertively parallel task business.',	'2017-03-27',	'PENDING'),
(7,	14,	'This is a test message',	'Testing',	'2017-06-01',	'PENDING');

CREATE TABLE `message` (
  `msg_id` int(11) NOT NULL AUTO_INCREMENT,
  `msg_sender_id` int(11) DEFAULT NULL,
  `msg_receiver_id` int(11) DEFAULT NULL,
  `msg_time_sent` datetime NOT NULL,
  `msg_subject` varchar(100) NOT NULL,
  `msg_body` text NOT NULL,
  `msg_attachment` varchar(100) NOT NULL,
  PRIMARY KEY (`msg_id`),
  KEY `msg_sender_id` (`msg_sender_id`),
  KEY `msg_receiver_id` (`msg_receiver_id`),
  CONSTRAINT `message_ibfk_1` FOREIGN KEY (`msg_sender_id`) REFERENCES `user` (`user_id`),
  CONSTRAINT `message_ibfk_2` FOREIGN KEY (`msg_receiver_id`) REFERENCES `user` (`user_id`)
) ENGINE=InnoDB DEFAULT CHARSET=latin1;


CREATE TABLE `message_read` (
  `mr_user_id` int(11) NOT NULL,
  `mr_msg_id` int(11) NOT NULL,
  KEY `mr_msg_id` (`mr_msg_id`),
  CONSTRAINT `message_read_ibfk_1` FOREIGN KEY (`mr_msg_id`) REFERENCES `message` (`msg_id`) ON DELETE CASCADE
) ENGINE=InnoDB DEFAULT CHARSET=latin1;


CREATE TABLE `notification` (
  `not_id` int(11) NOT NULL AUTO_INCREMENT,
  `not_user_id` int(11) NOT NULL,
  `not_details` varchar(256) NOT NULL,
  `not_link` varchar(256) NOT NULL,
  `not_status` enum('READ','UNREAD') NOT NULL,
  PRIMARY KEY (`not_id`),
  KEY `not_user_id` (`not_user_id`),
  CONSTRAINT `notification_ibfk_1` FOREIGN KEY (`not_user_id`) REFERENCES `user` (`user_id`) ON DELETE CASCADE
) ENGINE=InnoDB DEFAULT CHARSET=latin1;


CREATE TABLE `question` (
  `q_id` int(11) NOT NULL AUTO_INCREMENT,
  `q_course_id` int(11) NOT NULL,
  `q_number` int(11) NOT NULL,
  `q_question` varchar(1000) NOT NULL,
  `q_type` enum('LESSON','COURSE') NOT NULL,
  `q_is_disabled` int(1) DEFAULT NULL,
  PRIMARY KEY (`q_id`),
  KEY `lq_lesson_id` (`q_course_id`)
) ENGINE=InnoDB DEFAULT CHARSET=latin1;

INSERT INTO `question` (`q_id`, `q_course_id`, `q_number`, `q_question`, `q_type`, `q_is_disabled`) VALUES
(2,	2,	0,	'Who is the president of Nigeria',	'COURSE',	NULL),
(4,	2,	1,	'Who owns the $50m Ikoyi stash?',	'COURSE',	NULL),
(5,	24,	1,	'Who is the President of Nigeria',	'COURSE',	NULL),
(6,	2,	2,	'Which year did Nigeria get independence',	'COURSE',	NULL),
(7,	2,	3,	'Who is the current Governor of Lagos State?',	'COURSE',	NULL),
(8,	2,	4,	'Who finishes the Skippy at the Office?',	'COURSE',	NULL),
(9,	2,	5,	'Which of the following is NOT an MVC Framework?',	'COURSE',	NULL),
(10,	25,	1,	'this is where questions are created',	'COURSE',	NULL);

CREATE TABLE `question_option` (
  `qo_id` int(11) NOT NULL AUTO_INCREMENT,
  `qo_question_id` int(11) NOT NULL,
  `qo_option` varchar(500) NOT NULL,
  `qo_is_correct` int(1) DEFAULT NULL,
  PRIMARY KEY (`qo_id`),
  KEY `qo_question_id` (`qo_question_id`),
  CONSTRAINT `question_option_ibfk_1` FOREIGN KEY (`qo_question_id`) REFERENCES `question` (`q_id`) ON DELETE CASCADE
) ENGINE=InnoDB DEFAULT CHARSET=latin1;

INSERT INTO `question_option` (`qo_id`, `qo_question_id`, `qo_option`, `qo_is_correct`) VALUES
(5,	2,	'President Trump',	NULL),
(6,	2,	'President Goodluck',	NULL),
(7,	2,	'President Obama',	NULL),
(8,	2,	'President Buhari',	1),
(13,	4,	'NIA',	NULL),
(14,	4,	'Amaechi',	NULL),
(15,	4,	'Jonathan',	NULL),
(16,	4,	'Everybody & Nobody',	1),
(17,	5,	'OBJ',	NULL),
(18,	5,	'GEJ',	1),
(19,	5,	'PMB',	NULL),
(20,	5,	'Yaradua',	NULL),
(21,	6,	'1999',	NULL),
(22,	6,	'1914',	NULL),
(23,	6,	'1960',	1),
(24,	6,	'2015',	NULL),
(25,	7,	'Akinwunmi Ambode',	1),
(26,	7,	'Raji Fashola',	NULL),
(27,	7,	'Bola Tinubu',	NULL),
(28,	7,	'Rotimi Amaechi',	NULL),
(29,	8,	'Yemi',	NULL),
(30,	8,	'Deji',	NULL),
(31,	8,	'Elijah',	NULL),
(32,	8,	'Kess',	1),
(33,	9,	'Laravel',	NULL),
(34,	9,	'jQuery',	1),
(35,	9,	'AngularJS',	NULL),
(36,	9,	'SLIM PHP',	NULL),
(37,	10,	'where',	NULL),
(38,	10,	'here',	1),
(39,	10,	'there',	NULL),
(40,	10,	'somewher',	NULL);

CREATE TABLE `reseller_commission` (
  `rc_id` int(11) NOT NULL AUTO_INCREMENT,
  `rc_date` date NOT NULL,
  `rc_user_id` int(11) NOT NULL,
  `rc_reseller_id` int(11) NOT NULL,
  `rc_order_id` int(11) NOT NULL,
  `rc_course_id` int(11) NOT NULL DEFAULT '0',
  `rc_commission` double(12,2) NOT NULL,
  `rc_status` enum('PENDING','PAID') NOT NULL DEFAULT 'PENDING',
  `rc_date_paid` date DEFAULT NULL,
  PRIMARY KEY (`rc_id`),
  KEY `rc_user_id` (`rc_user_id`),
  KEY `rc_order_id` (`rc_order_id`),
  KEY `rc_reseller_id` (`rc_reseller_id`)
) ENGINE=MyISAM DEFAULT CHARSET=latin1;

INSERT INTO `reseller_commission` (`rc_id`, `rc_date`, `rc_user_id`, `rc_reseller_id`, `rc_order_id`, `rc_course_id`, `rc_commission`, `rc_status`, `rc_date_paid`) VALUES
(1,	'2017-02-08',	1,	4,	1,	0,	2000.00,	'PAID',	'2017-02-13'),
(2,	'2017-02-20',	2,	4,	2,	0,	5000.00,	'PAID',	'2017-02-21'),
(3,	'2017-02-14',	1,	14,	3,	0,	5000.00,	'PAID',	'2017-02-15'),
(4,	'2017-02-20',	2,	14,	4,	0,	7000.00,	'PAID',	'2017-02-21'),
(5,	'2017-06-01',	14,	4,	24,	0,	50.00,	'PENDING',	NULL);

CREATE TABLE `school` (
  `sch_id` int(11) NOT NULL AUTO_INCREMENT,
  `sch_name` varchar(100) NOT NULL,
  `sch_term_label` varchar(20) NOT NULL DEFAULT 'term',
  `sch_term_count` int(1) NOT NULL DEFAULT '3',
  `sch_lesson_label` varchar(20) NOT NULL DEFAULT 'lesson',
  `sch_is_disabled` int(1) DEFAULT NULL,
  PRIMARY KEY (`sch_id`)
) ENGINE=InnoDB DEFAULT CHARSET=latin1;

INSERT INTO `school` (`sch_id`, `sch_name`, `sch_term_label`, `sch_term_count`, `sch_lesson_label`, `sch_is_disabled`) VALUES
(1,	'Primary School',	'Term',	3,	'Lesson',	NULL),
(2,	'Secondary School',	'Term',	3,	'Lesson',	NULL),
(3,	'Business Academy',	'Section',	3,	'Module',	NULL),
(4,	'university',	'semester',	3,	'class',	NULL);

CREATE TABLE `signup_token` (
  `token_id` int(11) NOT NULL AUTO_INCREMENT,
  `token_user_id` int(11) NOT NULL,
  `token_code_full` varchar(40) NOT NULL,
  `token_code_a` varchar(20) NOT NULL,
  `token_code_b` varchar(20) NOT NULL,
  `token_time_created` datetime NOT NULL,
  `token_is_used` int(1) DEFAULT NULL,
  PRIMARY KEY (`token_id`),
  KEY `token_user_id` (`token_user_id`),
  CONSTRAINT `signup_token_ibfk_1` FOREIGN KEY (`token_user_id`) REFERENCES `user` (`user_id`) ON DELETE CASCADE
) ENGINE=InnoDB DEFAULT CHARSET=latin1;

INSERT INTO `signup_token` (`token_id`, `token_user_id`, `token_code_full`, `token_code_a`, `token_code_b`, `token_time_created`, `token_is_used`) VALUES
(12,	14,	'076967355793',	'076967',	'355793',	'2017-03-13 09:33:31',	1),
(14,	16,	'557063808961',	'557063',	'808961',	'2017-03-14 10:22:35',	1),
(16,	18,	'425797042799',	'425797',	'042799',	'2017-04-18 10:51:17',	1),
(17,	19,	'991088655144',	'991088',	'655144',	'2017-03-14 13:05:06',	1),
(18,	20,	'077119654827',	'077119',	'654827',	'2017-03-14 13:11:09',	1),
(19,	21,	'035268769332',	'035268',	'769332',	'2017-03-14 13:16:02',	1),
(25,	27,	'527512179996',	'527512',	'179996',	'2017-05-30 16:38:38',	1);

CREATE TABLE `subject` (
  `sb_id` int(11) NOT NULL AUTO_INCREMENT,
  `sb_title` varchar(100) NOT NULL,
  `sb_description` varchar(1000) NOT NULL,
  `sb_is_disabled` int(1) DEFAULT NULL,
  PRIMARY KEY (`sb_id`)
) ENGINE=InnoDB DEFAULT CHARSET=latin1;

INSERT INTO `subject` (`sb_id`, `sb_title`, `sb_description`, `sb_is_disabled`) VALUES
(1,	'Phonics',	'Rapidiously re-engineer open-source manufactured.',	NULL),
(2,	'Mathematics',	'Holisticly predominate multifunctional leadership.',	NULL),
(3,	'Diction/Phonetics',	'Professionally scale orthogonal deliverables.',	NULL),
(4,	'Start-up Business Development Class',	'Progressively engage stand-alone technology.',	NULL),
(5,	'Mentoring & Coaching Career Development Class',	'Objectively fabricate long-term high-impact.',	NULL);

CREATE TABLE `subscription` (
  `sub_id` int(11) NOT NULL AUTO_INCREMENT,
  `sub_user_id` int(11) NOT NULL,
  `sub_course_id` int(11) NOT NULL,
  `sub_date_started` date DEFAULT NULL,
  `sub_months` int(11) NOT NULL DEFAULT '4',
  `sub_status` enum('PENDING','ACTIVE','EXPIRED','PAUSED') NOT NULL DEFAULT 'PENDING',
  `sub_order_id` int(11) DEFAULT NULL,
  PRIMARY KEY (`sub_id`),
  KEY `sub_user_id` (`sub_user_id`),
  KEY `sub_course_id` (`sub_course_id`),
  CONSTRAINT `subscription_ibfk_1` FOREIGN KEY (`sub_user_id`) REFERENCES `user` (`user_id`) ON DELETE CASCADE,
  CONSTRAINT `subscription_ibfk_2` FOREIGN KEY (`sub_course_id`) REFERENCES `course` (`course_id`) ON DELETE CASCADE
) ENGINE=InnoDB DEFAULT CHARSET=latin1;

INSERT INTO `subscription` (`sub_id`, `sub_user_id`, `sub_course_id`, `sub_date_started`, `sub_months`, `sub_status`, `sub_order_id`) VALUES
(1,	1,	1,	'2017-02-21',	4,	'ACTIVE',	1),
(2,	2,	2,	'2017-02-19',	4,	'ACTIVE',	2),
(3,	1,	2,	'2016-10-03',	4,	'EXPIRED',	3),
(4,	2,	1,	'2016-10-03',	4,	'PENDING',	4),
(5,	3,	1,	'2017-04-13',	1,	'ACTIVE',	10),
(6,	14,	5,	'2017-04-18',	1,	'ACTIVE',	12),
(7,	18,	5,	'2017-04-18',	1,	'ACTIVE',	15),
(8,	18,	4,	'2017-04-18',	1,	'ACTIVE',	15),
(9,	18,	2,	'2017-04-18',	1,	'ACTIVE',	15),
(10,	18,	1,	'2017-04-18',	1,	'ACTIVE',	14),
(11,	14,	9,	'2017-04-18',	1,	'ACTIVE',	16),
(12,	18,	11,	'2017-04-18',	1,	'ACTIVE',	19),
(13,	18,	14,	'2017-04-18',	1,	'ACTIVE',	18),
(14,	14,	1,	'2017-04-18',	1,	'ACTIVE',	23),
(15,	14,	2,	'2017-04-18',	1,	'ACTIVE',	23),
(16,	14,	4,	'2017-04-18',	1,	'ACTIVE',	23),
(17,	14,	15,	'2017-06-01',	1,	'ACTIVE',	24);

CREATE TABLE `user` (
  `user_id` int(11) NOT NULL AUTO_INCREMENT,
  `user_email` varchar(100) NOT NULL,
  `user_phone` varchar(50) NOT NULL,
  `user_password` varchar(100) NOT NULL,
  `user_fullname` varchar(100) NOT NULL,
  `user_photo` varchar(100) DEFAULT NULL,
  `user_time_reg` datetime NOT NULL,
  `user_last_login` datetime DEFAULT NULL,
  `user_reg_type` enum('DEFAULT','FACEBOOK','GOOGLE') NOT NULL DEFAULT 'DEFAULT',
  `user_last_auth` enum('DEFAULT','FACEBOOK','GOOGLE') DEFAULT NULL,
  `user_reg_status` enum('PENDING','VERIFIED') NOT NULL DEFAULT 'PENDING',
  `user_is_disabled` int(1) DEFAULT NULL,
  `user_reseller_id` int(11) DEFAULT NULL,
  `user_facebook_id` varchar(100) DEFAULT NULL,
  `user_google_id` varchar(100) DEFAULT NULL,
  PRIMARY KEY (`user_id`)
) ENGINE=InnoDB DEFAULT CHARSET=latin1;

INSERT INTO `user` (`user_id`, `user_email`, `user_phone`, `user_password`, `user_fullname`, `user_photo`, `user_time_reg`, `user_last_login`, `user_reg_type`, `user_last_auth`, `user_reg_status`, `user_is_disabled`, `user_reseller_id`, `user_facebook_id`, `user_google_id`) VALUES
(1,	'donkovah@yahoo.com',	'706536-169',	'test123',	'Vycthor Kess',	NULL,	'2017-02-19 00:00:00',	'2017-06-01 14:03:54',	'DEFAULT',	NULL,	'VERIFIED',	NULL,	4,	NULL,	NULL),
(2,	'kovahkess@yahoo.com',	'123123123',	'test123',	'Donkovah Shegs',	NULL,	'2017-02-18 00:00:00',	NULL,	'DEFAULT',	NULL,	'VERIFIED',	NULL,	12,	NULL,	NULL),
(3,	'femi@tulabyte.net',	'12345',	'test123',	'Femi Kay',	NULL,	'2017-03-20 12:59:00',	'2017-04-13 17:07:08',	'DEFAULT',	NULL,	'VERIFIED',	NULL,	4,	NULL,	NULL),
(4,	'elij@tulabyte.net',	'09080809808',	'test123',	'Elij Opel',	NULL,	'2017-02-28 22:44:20',	'2017-03-02 00:00:00',	'DEFAULT',	NULL,	'VERIFIED',	NULL,	4,	NULL,	NULL),
(5,	'olufemi@tulabyte.net',	'0903455645',	'test123',	'Olufemi Jay',	NULL,	'2017-02-20 12:59:00',	NULL,	'DEFAULT',	NULL,	'VERIFIED',	NULL,	4,	NULL,	NULL),
(6,	'nelly@tulabyte.net',	'0708809808',	'test123',	'Nelly Minaj',	NULL,	'2017-01-28 22:44:20',	'2017-03-03 00:00:00',	'DEFAULT',	NULL,	'VERIFIED',	NULL,	4,	NULL,	NULL),
(14,	'yemitula@gmail.com',	'08055811699',	'test123',	'Yemi Gabriel Adetula',	NULL,	'2017-03-13 09:33:31',	'2017-06-08 07:21:39',	'DEFAULT',	'FACEBOOK',	'VERIFIED',	NULL,	4,	NULL,	NULL),
(16,	'info@tulabyte.net',	'08055811698',	'test123',	'Gabriel Tulabyte',	NULL,	'2017-03-14 10:22:35',	'2017-03-14 10:23:11',	'DEFAULT',	NULL,	'VERIFIED',	NULL,	0,	NULL,	NULL),
(18,	'elijah@tulabyte.net',	'07085510130',	'EleHurtxNrrq',	'Ogunjole Elijah',	NULL,	'2017-03-14 11:13:00',	'2017-04-18 10:56:45',	'DEFAULT',	NULL,	'VERIFIED',	NULL,	0,	NULL,	NULL),
(19,	'yemgab@yahoo.com',	'07065350169',	'test123',	'Yemi Adetula',	NULL,	'2017-03-14 13:05:02',	'2017-03-14 13:07:24',	'DEFAULT',	NULL,	'VERIFIED',	NULL,	0,	NULL,	NULL),
(20,	'adeolusayo2@gmail.com',	'08099789569',	'Adeoluwa',	'Sam',	NULL,	'2017-03-14 13:11:08',	'2017-04-18 14:43:25',	'DEFAULT',	NULL,	'VERIFIED',	NULL,	0,	NULL,	NULL),
(21,	'brendasteve12@gmail.com',	'07030148694',	'brenda',	'Brenda steve',	NULL,	'2017-03-14 13:16:02',	'2017-03-14 13:17:14',	'DEFAULT',	NULL,	'VERIFIED',	NULL,	0,	NULL,	NULL),
(27,	'yemi@tulabyte.net',	'08055811697',	'test123',	'Tulabyte',	NULL,	'2017-05-30 16:38:38',	'2017-05-30 17:08:07',	'DEFAULT',	NULL,	'VERIFIED',	NULL,	0,	NULL,	NULL);

CREATE TABLE `user_favourite` (
  `fav_user_id` int(11) NOT NULL,
  `fav_course_id` int(11) NOT NULL,
  `fav_time_added` timestamp NOT NULL DEFAULT CURRENT_TIMESTAMP ON UPDATE CURRENT_TIMESTAMP,
  PRIMARY KEY (`fav_user_id`,`fav_course_id`),
  KEY `fav_course_id` (`fav_course_id`),
  CONSTRAINT `user_favourite_ibfk_1` FOREIGN KEY (`fav_user_id`) REFERENCES `user` (`user_id`),
  CONSTRAINT `user_favourite_ibfk_2` FOREIGN KEY (`fav_course_id`) REFERENCES `course` (`course_id`)
) ENGINE=InnoDB DEFAULT CHARSET=latin1;

INSERT INTO `user_favourite` (`fav_user_id`, `fav_course_id`, `fav_time_added`) VALUES
(1,	1,	'2017-04-13 11:49:15'),
(2,	2,	'2017-04-13 11:49:15'),
(3,	1,	'2017-04-13 11:49:15'),
(3,	3,	'2017-04-13 17:24:14'),
(14,	1,	'2017-04-13 11:49:15'),
(14,	3,	'2017-04-13 11:49:15'),
(14,	4,	'2017-05-31 07:46:03'),
(14,	5,	'2017-04-18 05:46:10'),
(18,	2,	'2017-04-18 11:19:55'),
(18,	5,	'2017-04-18 11:19:42'),
(18,	14,	'2017-04-18 11:23:11');

CREATE TABLE `user_order` (
  `order_id` int(11) NOT NULL AUTO_INCREMENT,
  `order_type` enum('COURSE','BUNDLE') NOT NULL DEFAULT 'COURSE',
  `order_user_id` int(11) NOT NULL,
  `order_total` double(12,2) NOT NULL,
  `order_time_created` datetime NOT NULL,
  `order_status` enum('PENDING','COMPLETED','CANCELLED') NOT NULL,
  PRIMARY KEY (`order_id`),
  KEY `order_user_id` (`order_user_id`),
  CONSTRAINT `user_order_ibfk_1` FOREIGN KEY (`order_user_id`) REFERENCES `user` (`user_id`) ON DELETE CASCADE
) ENGINE=InnoDB DEFAULT CHARSET=latin1;

INSERT INTO `user_order` (`order_id`, `order_type`, `order_user_id`, `order_total`, `order_time_created`, `order_status`) VALUES
(1,	'COURSE',	1,	20000.00,	'2017-02-01 00:00:00',	'COMPLETED'),
(2,	'COURSE',	2,	15000.00,	'2017-02-02 00:00:00',	'COMPLETED'),
(3,	'COURSE',	1,	25000.00,	'2017-02-06 00:00:00',	'COMPLETED'),
(4,	'COURSE',	2,	30000.00,	'2017-02-01 00:00:00',	'COMPLETED'),
(5,	'COURSE',	3,	500.00,	'2017-04-05 12:25:17',	'PENDING'),
(6,	'COURSE',	3,	5000.00,	'2017-04-05 12:25:38',	'PENDING'),
(7,	'COURSE',	3,	5000.00,	'2017-04-05 12:26:48',	'PENDING'),
(8,	'COURSE',	3,	10000.00,	'2017-04-10 04:32:00',	'PENDING'),
(9,	'COURSE',	3,	10500.00,	'2017-04-11 08:19:42',	'PENDING'),
(10,	'COURSE',	3,	500.00,	'2017-04-13 06:03:52',	'PENDING'),
(11,	'COURSE',	14,	7000.00,	'2017-04-18 05:46:50',	'PENDING'),
(12,	'COURSE',	14,	5000.00,	'2017-04-18 06:02:13',	'PENDING'),
(13,	'COURSE',	18,	5000.00,	'2017-04-18 10:58:20',	'PENDING'),
(14,	'COURSE',	18,	500.00,	'2017-04-18 11:07:19',	'PENDING'),
(15,	'COURSE',	18,	17000.00,	'2017-04-18 11:08:45',	'PENDING'),
(16,	'COURSE',	14,	1000.00,	'2017-04-18 11:08:53',	'PENDING'),
(17,	'COURSE',	14,	1000.00,	'2017-04-18 11:09:49',	'PENDING'),
(18,	'COURSE',	18,	1000.00,	'2017-04-18 11:10:52',	'PENDING'),
(19,	'COURSE',	18,	1000.00,	'2017-04-18 11:12:53',	'PENDING'),
(20,	'COURSE',	14,	1000.00,	'2017-04-18 11:13:19',	'PENDING'),
(21,	'COURSE',	18,	3000.00,	'2017-04-18 11:14:37',	'PENDING'),
(22,	'COURSE',	18,	1000.00,	'2017-04-18 11:25:38',	'PENDING'),
(23,	'COURSE',	14,	12500.00,	'2017-04-18 03:10:11',	'PENDING'),
(24,	'COURSE',	14,	1000.00,	'2017-06-01 09:55:40',	'PENDING');

CREATE TABLE `user_order_item` (
  `item_id` int(11) NOT NULL AUTO_INCREMENT,
  `item_order_id` int(11) NOT NULL,
  `item_course_id` int(11) NOT NULL,
  `item_qty` int(11) NOT NULL,
  PRIMARY KEY (`item_id`),
  KEY `item_order_id` (`item_order_id`),
  KEY `item_course_id` (`item_course_id`),
  CONSTRAINT `user_order_item_ibfk_1` FOREIGN KEY (`item_order_id`) REFERENCES `user_order` (`order_id`) ON DELETE CASCADE,
  CONSTRAINT `user_order_item_ibfk_2` FOREIGN KEY (`item_course_id`) REFERENCES `course` (`course_id`)
) ENGINE=InnoDB DEFAULT CHARSET=latin1;

INSERT INTO `user_order_item` (`item_id`, `item_order_id`, `item_course_id`, `item_qty`) VALUES
(1,	1,	1,	1),
(2,	2,	2,	2),
(3,	3,	1,	2),
(4,	4,	2,	3),
(5,	5,	1,	1),
(6,	6,	3,	1),
(7,	7,	3,	1),
(8,	8,	2,	1),
(9,	9,	2,	1),
(10,	9,	1,	1),
(11,	10,	1,	1),
(12,	11,	5,	1),
(13,	11,	4,	1),
(14,	12,	5,	1),
(15,	13,	5,	1),
(16,	14,	1,	1),
(17,	15,	5,	1),
(18,	15,	4,	1),
(19,	15,	2,	1),
(20,	16,	9,	1),
(21,	17,	9,	1),
(22,	18,	14,	1),
(23,	19,	11,	1),
(24,	20,	9,	1),
(25,	21,	6,	1),
(26,	21,	12,	1),
(27,	22,	6,	1),
(28,	23,	1,	1),
(29,	23,	2,	1),
(30,	23,	4,	1),
(31,	24,	15,	1);

CREATE TABLE `user_payment` (
  `pay_id` int(11) NOT NULL AUTO_INCREMENT,
  `pay_amount` double(12,2) NOT NULL,
  `pay_method` enum('ONLINE','BANK') NOT NULL,
  `pay_order_id` int(11) DEFAULT NULL,
  `pay_user_id` int(11) NOT NULL,
  `pay_status` enum('PENDING','PROCESSING','SUCCESSFUL','FAILED') NOT NULL DEFAULT 'PENDING',
  `pay_time_initiated` datetime NOT NULL,
  `pay_time_completed` datetime DEFAULT NULL,
  `pay_bank_ref` varchar(50) DEFAULT NULL,
  `pay_bank_date` date DEFAULT NULL,
  `pay_online_ref` varchar(100) DEFAULT NULL,
  PRIMARY KEY (`pay_id`),
  KEY `pay_order_id` (`pay_order_id`),
  KEY `pay_user_id` (`pay_user_id`),
  CONSTRAINT `user_payment_ibfk_1` FOREIGN KEY (`pay_order_id`) REFERENCES `user_order` (`order_id`) ON DELETE SET NULL,
  CONSTRAINT `user_payment_ibfk_2` FOREIGN KEY (`pay_user_id`) REFERENCES `user` (`user_id`)
) ENGINE=InnoDB DEFAULT CHARSET=latin1;

INSERT INTO `user_payment` (`pay_id`, `pay_amount`, `pay_method`, `pay_order_id`, `pay_user_id`, `pay_status`, `pay_time_initiated`, `pay_time_completed`, `pay_bank_ref`, `pay_bank_date`, `pay_online_ref`) VALUES
(1,	20000.00,	'ONLINE',	1,	1,	'SUCCESSFUL',	'2017-02-20 00:00:00',	'2017-02-21 00:00:00',	NULL,	'2017-02-21',	'123456Ref123No'),
(2,	15000.00,	'BANK',	2,	2,	'SUCCESSFUL',	'2017-02-21 00:00:00',	'2017-02-21 00:00:00',	'absref 12bank123456Ref123No',	'2017-02-21',	NULL),
(3,	25000.00,	'ONLINE',	3,	1,	'PENDING',	'2017-02-20 00:00:00',	NULL,	NULL,	NULL,	'123reff456Ref123No'),
(4,	30000.00,	'ONLINE',	4,	2,	'SUCCESSFUL',	'2017-02-14 00:00:00',	'2017-02-15 00:00:00',	NULL,	NULL,	'123456Ref123No789'),
(5,	5000.00,	'BANK',	7,	3,	'SUCCESSFUL',	'2017-04-05 12:55:18',	'2017-04-13 05:54:10',	'1232143214123524',	'2017-04-03',	NULL),
(6,	10000.00,	'BANK',	8,	3,	'SUCCESSFUL',	'2017-04-10 04:32:47',	'2017-04-13 05:44:10',	'2421442314213',	'2017-04-08',	NULL),
(7,	10500.00,	'BANK',	9,	3,	'PENDING',	'2017-04-11 08:19:44',	NULL,	NULL,	NULL,	NULL),
(8,	500.00,	'BANK',	10,	3,	'SUCCESSFUL',	'2017-04-13 06:03:54',	'2017-04-13 06:06:27',	'123456789',	'2017-04-11',	NULL),
(9,	5000.00,	'BANK',	12,	14,	'SUCCESSFUL',	'2017-04-18 06:02:22',	'2017-04-18 06:41:13',	'123456789',	'2017-04-16',	NULL),
(10,	5000.00,	'ONLINE',	13,	18,	'PENDING',	'2017-04-18 10:58:25',	NULL,	NULL,	NULL,	NULL),
(11,	500.00,	'BANK',	14,	18,	'SUCCESSFUL',	'2017-04-18 11:07:23',	'2017-04-18 11:11:12',	'0452341167',	'2017-04-17',	NULL),
(12,	17000.00,	'BANK',	15,	18,	'SUCCESSFUL',	'2017-04-18 11:08:48',	'2017-04-18 11:10:40',	'0345678912',	'2017-04-17',	NULL),
(13,	1000.00,	'BANK',	16,	14,	'SUCCESSFUL',	'2017-04-18 11:08:59',	'2017-04-18 11:20:00',	'747r6526373',	'2017-04-17',	NULL),
(14,	1000.00,	'BANK',	18,	18,	'SUCCESSFUL',	'2017-04-18 11:10:54',	'2017-04-18 11:20:08',	'00451189',	'2017-04-17',	NULL),
(15,	1000.00,	'BANK',	19,	18,	'SUCCESSFUL',	'2017-04-18 11:13:00',	'2017-04-18 11:20:04',	'00543412',	'2017-04-17',	NULL),
(16,	1000.00,	'BANK',	22,	18,	'PROCESSING',	'2017-04-18 11:25:40',	'2017-04-18 11:26:06',	'00345667',	'2017-04-12',	NULL),
(17,	12500.00,	'BANK',	23,	14,	'SUCCESSFUL',	'2017-04-18 03:10:53',	'2017-04-18 03:14:40',	'2357890097532',	'2017-04-17',	NULL),
(18,	1000.00,	'BANK',	24,	14,	'SUCCESSFUL',	'2017-06-01 09:55:54',	'2017-06-01 09:57:37',	'123455565',	'2017-05-31',	NULL);

CREATE TABLE `user_quiz` (
  `uq_id` int(11) NOT NULL AUTO_INCREMENT,
  `uq_user_id` int(11) NOT NULL,
  `uq_target_id` int(11) NOT NULL COMMENT 'uq_target_id points to either lesson or course depending on uq_type',
  `uq_type` enum('LESSON','COURSE') NOT NULL DEFAULT 'COURSE',
  `uq_date_taken` date NOT NULL,
  `uq_endtime` datetime DEFAULT NULL,
  `uq_score` int(11) DEFAULT NULL,
  PRIMARY KEY (`uq_id`),
  KEY `uq_user_id` (`uq_user_id`),
  CONSTRAINT `user_quiz_ibfk_1` FOREIGN KEY (`uq_user_id`) REFERENCES `user` (`user_id`)
) ENGINE=InnoDB DEFAULT CHARSET=latin1;

INSERT INTO `user_quiz` (`uq_id`, `uq_user_id`, `uq_target_id`, `uq_type`, `uq_date_taken`, `uq_endtime`, `uq_score`) VALUES
(25,	14,	2,	'COURSE',	'2017-06-01',	NULL,	NULL),
(26,	14,	2,	'COURSE',	'2017-06-01',	NULL,	NULL),
(27,	14,	2,	'COURSE',	'2017-06-01',	NULL,	NULL),
(28,	14,	2,	'COURSE',	'2017-06-01',	NULL,	NULL),
(29,	14,	2,	'COURSE',	'2017-06-01',	NULL,	NULL),
(30,	14,	2,	'COURSE',	'2017-06-01',	'2017-06-01 01:50:27',	2),
(31,	14,	2,	'COURSE',	'2017-06-01',	'2017-06-01 01:56:36',	2),
(32,	14,	2,	'COURSE',	'2017-06-01',	'2017-06-01 01:59:17',	3),
(33,	14,	2,	'COURSE',	'2017-06-01',	'2017-06-01 02:02:34',	0),
(34,	14,	2,	'COURSE',	'2017-06-01',	'2017-06-01 02:04:38',	0),
(35,	14,	2,	'COURSE',	'2017-06-01',	'2017-06-01 02:08:09',	0),
(36,	14,	2,	'COURSE',	'2017-06-01',	'2017-06-01 02:10:25',	1),
(37,	14,	2,	'COURSE',	'2017-06-01',	'2017-06-01 02:10:54',	1),
(38,	14,	2,	'COURSE',	'2017-06-01',	'2017-06-01 02:14:02',	1),
(39,	14,	2,	'COURSE',	'2017-06-01',	'2017-06-01 02:18:40',	0),
(40,	14,	2,	'COURSE',	'2017-06-01',	'2017-06-01 02:19:05',	1),
(41,	14,	2,	'COURSE',	'2017-06-01',	'2017-06-01 02:22:20',	0),
(42,	14,	2,	'COURSE',	'2017-06-01',	'2017-06-01 02:24:00',	1),
(43,	14,	2,	'COURSE',	'2017-06-01',	'2017-06-01 02:39:37',	0),
(44,	14,	2,	'COURSE',	'2017-06-01',	'2017-06-01 02:42:22',	0),
(45,	14,	2,	'COURSE',	'2017-06-01',	'2017-06-01 02:47:23',	2),
(46,	14,	2,	'COURSE',	'2017-06-01',	'2017-06-01 02:47:39',	3),
(47,	14,	2,	'COURSE',	'2017-06-01',	'2017-06-01 02:47:55',	3),
(48,	14,	2,	'COURSE',	'2017-06-01',	'2017-06-01 13:54:35',	2),
(49,	1,	2,	'COURSE',	'2017-06-01',	'2017-06-01 14:05:25',	2),
(50,	14,	2,	'COURSE',	'2017-06-02',	'2017-06-02 10:52:47',	1),
(51,	14,	2,	'COURSE',	'2017-06-02',	'2017-06-02 13:40:21',	1);

CREATE TABLE `user_quiz_answers` (
  `uqa_id` int(11) NOT NULL AUTO_INCREMENT,
  `uqa_quiz_id` int(11) NOT NULL,
  `uqa_question_id` int(11) NOT NULL,
  `uqa_option_id` int(11) DEFAULT NULL,
  `uqa_is_correct` int(1) DEFAULT NULL,
  PRIMARY KEY (`uqa_id`),
  KEY `uqa_quiz_id` (`uqa_quiz_id`),
  KEY `uqa_question_id` (`uqa_question_id`),
  KEY `uqa_option_id` (`uqa_option_id`),
  CONSTRAINT `user_quiz_answers_ibfk_1` FOREIGN KEY (`uqa_quiz_id`) REFERENCES `user_quiz` (`uq_id`) ON DELETE CASCADE,
  CONSTRAINT `user_quiz_answers_ibfk_2` FOREIGN KEY (`uqa_question_id`) REFERENCES `question` (`q_id`)
) ENGINE=InnoDB DEFAULT CHARSET=latin1;

INSERT INTO `user_quiz_answers` (`uqa_id`, `uqa_quiz_id`, `uqa_question_id`, `uqa_option_id`, `uqa_is_correct`) VALUES
(1,	30,	4,	14,	0),
(2,	30,	7,	25,	1),
(3,	30,	6,	23,	1),
(4,	31,	8,	32,	1),
(5,	31,	2,	7,	0),
(6,	31,	7,	25,	1),
(7,	32,	9,	34,	1),
(8,	32,	2,	8,	1),
(9,	32,	7,	25,	1),
(10,	33,	2,	5,	0),
(11,	33,	9,	33,	0),
(12,	33,	6,	21,	0),
(13,	34,	4,	13,	0),
(14,	34,	9,	33,	0),
(15,	34,	8,	29,	0),
(16,	35,	9,	33,	0),
(17,	35,	6,	21,	0),
(18,	35,	8,	29,	0),
(19,	36,	2,	6,	0),
(20,	36,	4,	13,	0),
(21,	36,	7,	25,	1),
(22,	37,	6,	21,	0),
(23,	37,	2,	5,	0),
(24,	37,	7,	25,	1),
(25,	38,	4,	14,	0),
(26,	39,	8,	30,	0),
(27,	39,	7,	28,	0),
(28,	39,	4,	14,	0),
(29,	40,	7,	25,	1),
(31,	41,	8,	29,	0),
(33,	42,	7,	25,	1),
(34,	42,	4,	0,	0),
(35,	42,	9,	0,	0),
(36,	43,	7,	0,	0),
(37,	43,	9,	36,	0),
(38,	43,	6,	22,	0),
(39,	44,	9,	33,	0),
(40,	44,	8,	0,	0),
(41,	44,	7,	0,	0),
(42,	45,	8,	32,	1),
(43,	45,	6,	0,	0),
(44,	45,	4,	16,	1),
(45,	46,	7,	25,	1),
(46,	46,	4,	16,	1),
(47,	46,	6,	23,	1),
(48,	47,	8,	32,	1),
(49,	47,	6,	23,	1),
(50,	47,	7,	25,	1),
(51,	48,	9,	34,	1),
(52,	48,	8,	32,	1),
(53,	48,	7,	26,	0),
(54,	49,	8,	32,	1),
(55,	49,	2,	8,	1),
(56,	49,	4,	13,	0),
(57,	50,	4,	13,	0),
(58,	50,	6,	21,	0),
(59,	50,	9,	34,	1),
(60,	51,	2,	8,	1),
(61,	51,	7,	0,	0),
(62,	51,	9,	0,	0);

-- 2017-06-13 16:01:43
